INSERT INTO UNIDADE (id, cidade, estado, pais, predio)
            VALUES (1, 'Pacheco de Cavalcante', 'São Paulo', 'Brasil', 'Prédio 2');
INSERT INTO UNIDADE (id, cidade, estado, pais, predio)
            VALUES (2, 'Fonseca', 'São Paulo', 'Brasil', 'Prédio 8');
INSERT INTO UNIDADE (id, cidade, estado, pais, predio)
            VALUES (3, 'Dias', 'São Paulo', 'Brasil', 'Prédio 2');
INSERT INTO UNIDADE (id, cidade, estado, pais, predio)
            VALUES (4, 'da Rocha', 'São Paulo', 'Brasil', 'Prédio 1');
INSERT INTO UNIDADE (id, cidade, estado, pais, predio)
            VALUES (5, 'da Mota do Norte', 'Sólido', 'Brasil', 'Prédio 4');
INSERT INTO UNIDADE (id, cidade, estado, pais, predio)
            VALUES (6, 'da Mota das Flores', 'São Paulo', 'Brasil', 'Prédio 8');
INSERT INTO UNIDADE (id, cidade, estado, pais, predio)
            VALUES (7, 'Fernandes do Norte', 'São Paulo', 'Brasil', 'Prédio 10');
INSERT INTO UNIDADE (id, cidade, estado, pais, predio)
            VALUES (8, 'Cavalcante dos Dourados', 'São Paulo', 'Brasil', 'Prédio 8');
INSERT INTO UNIDADE (id, cidade, estado, pais, predio)
            VALUES (9, 'da Mata da Mata', 'São Paulo', 'Brasil', 'Prédio 6');
INSERT INTO UNIDADE (id, cidade, estado, pais, predio)
            VALUES (10, 'Fernandes', 'São Paulo', 'Brasil', 'Prédio 2');
INSERT INTO UNIDADE (id, cidade, estado, pais, predio)
            VALUES (11, 'Aparecida das Pedras', 'São Paulo', 'Brasil', 'Prédio 5');
INSERT INTO UNIDADE (id, cidade, estado, pais, predio)
            VALUES (12, 'Castro', 'Sólido', 'Brasil', 'Prédio 10');
INSERT INTO UNIDADE (id, cidade, estado, pais, predio)
            VALUES (13, 'Teixeira de Lima', 'São Paulo', 'Brasil', 'Prédio 5');
INSERT INTO UNIDADE (id, cidade, estado, pais, predio)
            VALUES (14, 'Novaes', 'São Paulo', 'Brasil', 'Prédio 5');
INSERT INTO UNIDADE (id, cidade, estado, pais, predio)
            VALUES (15, 'Lima', 'São Paulo', 'Brasil', 'Prédio 7');
INSERT INTO UNIDADE (id, cidade, estado, pais, predio)
            VALUES (16, 'Cardoso do Campo', 'São Paulo', 'Brasil', 'Prédio 6');
INSERT INTO UNIDADE (id, cidade, estado, pais, predio)
            VALUES (17, 'Mendonça Alegre', 'São Paulo', 'Brasil', 'Prédio 2');
INSERT INTO UNIDADE (id, cidade, estado, pais, predio)
            VALUES (18, 'Montenegro do Campo', 'São Paulo', 'Brasil', 'Prédio 6');
INSERT INTO UNIDADE (id, cidade, estado, pais, predio)
            VALUES (19, 'Moreira Alegre', 'São Paulo', 'Brasil', 'Prédio 8');
INSERT INTO UNIDADE (id, cidade, estado, pais, predio)
            VALUES (20, 'Teixeira', 'São Paulo', 'Brasil', 'Prédio 9');
INSERT INTO USUARIO (id, nome, sobrenome, data_nascimento, sexo, cep, numero,
                                 telefone, email, senha, tipo_usuario)
            VALUES (1, 'Juan', 'Mendes', '1975-05-28', 'M', '88017-886', '9168',
                    '10801842083640', 'davi-miguelaragao@example.org', 'vqkFdwMyz*0$', 'Aluno');
INSERT INTO USUARIO (id, nome, sobrenome, data_nascimento, sexo, cep, numero,
                                 telefone, email, senha, tipo_usuario)
            VALUES (2, 'Maria Luísa', 'Cavalcanti', '2001-02-08', 'M', '91009279', '9653',
                    '50987836737778', 'ana-livia90@example.org', '*2CjL8&ykmep', 'Professor');
INSERT INTO USUARIO (id, nome, sobrenome, data_nascimento, sexo, cep, numero,
                                 telefone, email, senha, tipo_usuario)
            VALUES (3, 'Mariane', 'Vieira', '1989-05-29', 'F', '91293335', '9755',
                    '74659245119147', 'lunacasa-grande@example.org', '&LVc96Kx(2fc', 'Administrador');
INSERT INTO USUARIO (id, nome, sobrenome, data_nascimento, sexo, cep, numero,
                                 telefone, email, senha, tipo_usuario)
            VALUES (4, 'Davi', 'Azevedo', '1985-06-04', 'Z', '46668-418', '8868',
                    '64775571238997', 'sophiecamara@example.net', '0g6k96PKC*5^', 'Aluno');
INSERT INTO USUARIO (id, nome, sobrenome, data_nascimento, sexo, cep, numero,
                                 telefone, email, senha, tipo_usuario)
            VALUES (5, 'Yan', 'da Cunha', '1992-12-25', 'M', '17380-800', '100',
                    '58959071964318', 'montenegrodiego@example.org', '@0F&XAiCv4fS', 'Professor');
INSERT INTO USUARIO (id, nome, sobrenome, data_nascimento, sexo, cep, numero,
                                 telefone, email, senha, tipo_usuario)
            VALUES (6, 'Amanda', 'Santos', '1980-03-12', '8', '96028-294', '1078',
                    '14150495780043', 'leandrobrito@example.org', '(R3xxNy&r&EO', 'Administrador');
INSERT INTO USUARIO (id, nome, sobrenome, data_nascimento, sexo, cep, numero,
                                 telefone, email, senha, tipo_usuario)
            VALUES (7, 'Matheus', 'Moura', '1995-07-05', '8', '18268-671', '9771',
                    '93022891873128', 'camarapedro-henrique@example.com', '(Z#yRqxIx^1E', 'Professor');
INSERT INTO USUARIO (id, nome, sobrenome, data_nascimento, sexo, cep, numero,
                                 telefone, email, senha, tipo_usuario)
            VALUES (8, 'Bruna', 'Cavalcante', '1979-02-25', 'Z', '26870-898', '9664',
                    '90686224662919', 'falmeida@example.com', '^2IzCadib4o%', 'Professor');
INSERT INTO USUARIO (id, nome, sobrenome, data_nascimento, sexo, cep, numero,
                                 telefone, email, senha, tipo_usuario)
            VALUES (9, 'Mirela', 'da Luz', '1978-06-06', 'Z', '92775-186', '7995',
                    '25240914966448', 'silveiramariana@example.org', '22b8ZxDy*g&V', 'Professor');
INSERT INTO USUARIO (id, nome, sobrenome, data_nascimento, sexo, cep, numero,
                                 telefone, email, senha, tipo_usuario)
            VALUES (10, 'Ana Júlia', 'da Cunha', '1991-06-19', 'M', '47199464', '7741',
                    '79460792505916', 'siqueirasabrina@example.org', 'fAJSMDDh$)Q1', 'Aluno');
INSERT INTO USUARIO (id, nome, sobrenome, data_nascimento, sexo, cep, numero,
                                 telefone, email, senha, tipo_usuario)
            VALUES (11, 'Breno', 'Fernandes', '2000-07-30', '8', '64955-562', '4136',
                    '42532253340683', 'barbosaana-julia@example.org', 'v)_!jomy!K4A', 'Aluno');
INSERT INTO USUARIO (id, nome, sobrenome, data_nascimento, sexo, cep, numero,
                                 telefone, email, senha, tipo_usuario)
            VALUES (12, 'João', 'Martins', '2003-01-11', 'Z', '99811-039', '9404',
                    '96479083132146', 'pereiramariah@example.org', 'zARSbZyn+7_i', 'Funcionário');
INSERT INTO USUARIO (id, nome, sobrenome, data_nascimento, sexo, cep, numero,
                                 telefone, email, senha, tipo_usuario)
            VALUES (13, 'Luiz Henrique', 'Cardoso', '2003-08-09', 'M', '34958421', '5809',
                    '13688620293693', 'aragaoenzo-gabriel@example.net', 'r+MAYao$q_01', 'Funcionário');
INSERT INTO USUARIO (id, nome, sobrenome, data_nascimento, sexo, cep, numero,
                                 telefone, email, senha, tipo_usuario)
            VALUES (14, 'Dom', 'Gomes', '1998-11-10', 'F', '37967780', '5521',
                    '92487678883495', 'diego76@example.org', '@XzU9GhRf)3k', 'Aluno');
INSERT INTO USUARIO (id, nome, sobrenome, data_nascimento, sexo, cep, numero,
                                 telefone, email, senha, tipo_usuario)
            VALUES (15, 'Vitória', 'Lima', '1992-10-15', 'M', '09025-480', '4754',
                    '63124267644099', 'pachecomaria-cecilia@example.net', 'I+3JGjJval5o', 'Funcionário');
INSERT INTO USUARIO (id, nome, sobrenome, data_nascimento, sexo, cep, numero,
                                 telefone, email, senha, tipo_usuario)
            VALUES (16, 'Cauã', 'Lopes', '1985-07-11', 'Z', '63691069', '6004',
                    '90663688629930', 'nicole88@example.org', 'A2%f%KMo1#5i', 'Funcionário');
INSERT INTO USUARIO (id, nome, sobrenome, data_nascimento, sexo, cep, numero,
                                 telefone, email, senha, tipo_usuario)
            VALUES (17, 'Juan', 'da Mota', '2001-04-12', 'Z', '58283-517', '6028',
                    '27534795758310', 'da-rosaisabella@example.net', 'vC+bYAMiCC6M', 'Aluno');
INSERT INTO USUARIO (id, nome, sobrenome, data_nascimento, sexo, cep, numero,
                                 telefone, email, senha, tipo_usuario)
            VALUES (18, 'Luiz Henrique', 'Vasconcelos', '2000-10-27', '8', '77650-169', '4643',
                    '86822374521206', 'duartevinicius@example.com', '#&P1(nPr680e', 'Funcionário');
INSERT INTO USUARIO (id, nome, sobrenome, data_nascimento, sexo, cep, numero,
                                 telefone, email, senha, tipo_usuario)
            VALUES (19, 'Cecília', 'Fogaça', '1993-07-11', 'M', '77096404', '6338',
                    '43114788622991', 'hadassa97@example.org', 'I#5_zG1gD)3Q', 'Aluno');
INSERT INTO USUARIO (id, nome, sobrenome, data_nascimento, sexo, cep, numero,
                                 telefone, email, senha, tipo_usuario)
            VALUES (20, 'Elisa', 'Silva', '1981-06-16', 'F', '69827-382', '1796',
                    '40110174310371', 'bcavalcante@example.com', '$LbDo0vPP4yv', 'Funcionário');
INSERT INTO USUARIO (id, nome, sobrenome, data_nascimento, sexo, cep, numero,
                                 telefone, email, senha, tipo_usuario)
            VALUES (21, 'Ryan', 'Guerra', '1998-10-27', 'Z', '26491-136', '1251',
                    '82063825698867', 'kaiquemachado@example.net', 'Ye1HjN6!!)cm', 'Funcionário');
INSERT INTO USUARIO (id, nome, sobrenome, data_nascimento, sexo, cep, numero,
                                 telefone, email, senha, tipo_usuario)
            VALUES (22, 'Heloisa', 'Leão', '2005-03-08', '8', '64167-523', '6705',
                    '96677770515392', 'davi-miguel85@example.net', '7cFNql)4_850', 'Funcionário');
INSERT INTO USUARIO (id, nome, sobrenome, data_nascimento, sexo, cep, numero,
                                 telefone, email, senha, tipo_usuario)
            VALUES (23, 'Bianca', 'Rios', '1995-10-16', 'F', '32572074', '6458',
                    '76144260353561', 'cda-mata@example.net', 'd7A%gSxtexc8', 'Administrador');
INSERT INTO USUARIO (id, nome, sobrenome, data_nascimento, sexo, cep, numero,
                                 telefone, email, senha, tipo_usuario)
            VALUES (24, 'Ana Cecília', 'Cunha', '2000-11-22', 'Z', '57736-585', '7029',
                    '40646194461644', 'bpastor@example.net', '%3PQo^*Ex$z*', 'Administrador');
INSERT INTO USUARIO (id, nome, sobrenome, data_nascimento, sexo, cep, numero,
                                 telefone, email, senha, tipo_usuario)
            VALUES (25, 'Ravi', 'Pereira', '1993-04-01', 'Z', '95049-147', '3242',
                    '31858220269463', 'siqueiravalentina@example.net', ')%BzgOtiIU8I', 'Funcionário');
INSERT INTO USUARIO (id, nome, sobrenome, data_nascimento, sexo, cep, numero,
                                 telefone, email, senha, tipo_usuario)
            VALUES (26, 'Clara', 'da Mota', '1974-10-03', '8', '59540629', '1019',
                    '38032601510819', 'oalves@example.org', '0O3Hv$@kw&DG', 'Funcionário');
INSERT INTO USUARIO (id, nome, sobrenome, data_nascimento, sexo, cep, numero,
                                 telefone, email, senha, tipo_usuario)
            VALUES (27, 'Thales', 'Azevedo', '1995-02-06', '8', '20825-217', '8797',
                    '29867853214633', 'kamillyduarte@example.net', 'Z)2nJOz+uf2V', 'Professor');
INSERT INTO USUARIO (id, nome, sobrenome, data_nascimento, sexo, cep, numero,
                                 telefone, email, senha, tipo_usuario)
            VALUES (28, 'Camila', 'Azevedo', '1995-04-17', 'F', '74316876', '3684',
                    '61615857880690', 'melina12@example.net', 'I14!CBjh(fXI', 'Administrador');
INSERT INTO USUARIO (id, nome, sobrenome, data_nascimento, sexo, cep, numero,
                                 telefone, email, senha, tipo_usuario)
            VALUES (29, 'Ana', 'Cavalcanti', '1986-04-05', 'Z', '03167-384', '1794',
                    '96738792828615', 'ana-lizrezende@example.com', '*Ecnn1FmjyAp', 'Administrador');
INSERT INTO USUARIO (id, nome, sobrenome, data_nascimento, sexo, cep, numero,
                                 telefone, email, senha, tipo_usuario)
            VALUES (30, 'Anna Liz', 'da Cruz', '1979-11-24', 'Z', '27880-558', '4665',
                    '98418976986741', 'luccavieira@example.net', '%@i7IFrQ8RX%', 'Administrador');
INSERT INTO USUARIO (id, nome, sobrenome, data_nascimento, sexo, cep, numero,
                                 telefone, email, senha, tipo_usuario)
            VALUES (31, 'Levi', 'Almeida', '1999-10-17', 'M', '51829263', '6745',
                    '62824547179229', 'stellaaraujo@example.com', '+$21YnJl839c', 'Administrador');
INSERT INTO USUARIO (id, nome, sobrenome, data_nascimento, sexo, cep, numero,
                                 telefone, email, senha, tipo_usuario)
            VALUES (32, 'Fernando', 'Casa Grande', '1988-10-06', '8', '15945219', '3218',
                    '71219436141845', 'costelamaria@example.org', '^SGg$sMOn74t', 'Administrador');
INSERT INTO USUARIO (id, nome, sobrenome, data_nascimento, sexo, cep, numero,
                                 telefone, email, senha, tipo_usuario)
            VALUES (33, 'Maitê', 'Macedo', '1986-02-24', 'F', '04291152', '4703',
                    '73133888227398', 'ayllasiqueira@example.org', '#V_JE&ugMr18', 'Administrador');
INSERT INTO USUARIO (id, nome, sobrenome, data_nascimento, sexo, cep, numero,
                                 telefone, email, senha, tipo_usuario)
            VALUES (34, 'Mirela', 'Borges', '2002-07-26', '8', '65055-689', '668',
                    '58248570059447', 'da-luzalexandre@example.org', 'Di+eWHizOG8S', 'Funcionário');
INSERT INTO USUARIO (id, nome, sobrenome, data_nascimento, sexo, cep, numero,
                                 telefone, email, senha, tipo_usuario)
            VALUES (35, 'Ana Vitória', 'Abreu', '1998-06-07', 'F', '29599386', '7415',
                    '45237296956679', 'hporto@example.com', '**8QKj#vi#*K', 'Aluno');
INSERT INTO USUARIO (id, nome, sobrenome, data_nascimento, sexo, cep, numero,
                                 telefone, email, senha, tipo_usuario)
            VALUES (36, 'Olívia', 'Castro', '1975-07-04', '8', '07103-386', '6870',
                    '94172633802756', 'milenalopes@example.org', '4rKY3VSa)^EL', 'Administrador');
INSERT INTO USUARIO (id, nome, sobrenome, data_nascimento, sexo, cep, numero,
                                 telefone, email, senha, tipo_usuario)
            VALUES (37, 'Anthony', 'Cavalcanti', '1975-04-15', 'F', '14808033', '3381',
                    '11338924135491', 'vargasbryan@example.com', 'E$z1lfuwo04H', 'Funcionário');
INSERT INTO USUARIO (id, nome, sobrenome, data_nascimento, sexo, cep, numero,
                                 telefone, email, senha, tipo_usuario)
            VALUES (38, 'Rodrigo', 'Almeida', '1982-11-24', 'M', '96060414', '3572',
                    '89143311795504', 'maria-vitoria17@example.com', 'MbUgsupg)21Y', 'Administrador');
INSERT INTO USUARIO (id, nome, sobrenome, data_nascimento, sexo, cep, numero,
                                 telefone, email, senha, tipo_usuario)
            VALUES (39, 'Alice', 'Albuquerque', '1988-01-30', 'F', '29483172', '8583',
                    '03762909854562', 'felipemarques@example.net', 'gpPuMzY1&2Gg', 'Professor');
INSERT INTO USUARIO (id, nome, sobrenome, data_nascimento, sexo, cep, numero,
                                 telefone, email, senha, tipo_usuario)
            VALUES (40, 'Davi', 'Correia', '1987-07-26', 'M', '69202150', '1130',
                    '17363148501926', 'novaescaio@example.net', 'QG!nL8h1GgD8', 'Administrador');
INSERT INTO USUARIO (id, nome, sobrenome, data_nascimento, sexo, cep, numero,
                                 telefone, email, senha, tipo_usuario)
            VALUES (41, 'Júlia', 'Souza', '1975-01-22', 'F', '11952031', '6828',
                    '59468100800900', 'aragaoester@example.org', 'm(AqLBIhR&2E', 'Administrador');
INSERT INTO USUARIO (id, nome, sobrenome, data_nascimento, sexo, cep, numero,
                                 telefone, email, senha, tipo_usuario)
            VALUES (42, 'Olivia', 'Martins', '1985-05-17', 'F', '11524693', '361',
                    '29330612240217', 'gael-henriqueferreira@example.org', '+E$FZkH$Z04(', 'Professor');
INSERT INTO USUARIO (id, nome, sobrenome, data_nascimento, sexo, cep, numero,
                                 telefone, email, senha, tipo_usuario)
            VALUES (43, 'Mirella', 'Aparecida', '1975-01-01', '8', '30282-527', '8498',
                    '72108085883954', 'giovanna67@example.org', '$uO2!ZxqL^42', 'Administrador');
INSERT INTO USUARIO (id, nome, sobrenome, data_nascimento, sexo, cep, numero,
                                 telefone, email, senha, tipo_usuario)
            VALUES (44, 'Samuel', 'da Paz', '2003-11-22', 'Z', '33414-567', '661',
                    '63991915688559', 'pedro-lucas03@example.com', 'ay$m2ICyY)bD', 'Professor');
INSERT INTO USUARIO (id, nome, sobrenome, data_nascimento, sexo, cep, numero,
                                 telefone, email, senha, tipo_usuario)
            VALUES (45, 'Igor', 'Rezende', '1993-10-09', '8', '05141688', '5899',
                    '98226396477529', 'blima@example.net', 'w26JOBj32@X0', 'Professor');
INSERT INTO USUARIO (id, nome, sobrenome, data_nascimento, sexo, cep, numero,
                                 telefone, email, senha, tipo_usuario)
            VALUES (46, 'Marina', 'Barbosa', '1995-09-03', 'F', '30543155', '7766',
                    '52447745826549', 'eduardaduarte@example.org', 'r#9GBXjG@Nkh', 'Professor');
INSERT INTO USUARIO (id, nome, sobrenome, data_nascimento, sexo, cep, numero,
                                 telefone, email, senha, tipo_usuario)
            VALUES (47, 'Theodoro', 'Moraes', '1982-03-25', '8', '08022-446', '8197',
                    '71835851783797', 'bmarques@example.com', '186K_Sv4%Glb', 'Administrador');
INSERT INTO USUARIO (id, nome, sobrenome, data_nascimento, sexo, cep, numero,
                                 telefone, email, senha, tipo_usuario)
            VALUES (48, 'Maysa', 'Leão', '1974-12-26', 'F', '02504565', '6214',
                    '37323272301348', 'souzadavi-lucca@example.org', 'G*+rWuXhSb0L', 'Aluno');
INSERT INTO USUARIO (id, nome, sobrenome, data_nascimento, sexo, cep, numero,
                                 telefone, email, senha, tipo_usuario)
            VALUES (49, 'Sophie', 'Andrade', '2002-03-07', 'F', '43209134', '5190',
                    '27136675869592', 'vnogueira@example.net', '9hMB^^ry&)E0', 'Administrador');
INSERT INTO USUARIO (id, nome, sobrenome, data_nascimento, sexo, cep, numero,
                                 telefone, email, senha, tipo_usuario)
            VALUES (50, 'Nathan', 'Correia', '1983-04-24', '8', '12616852', '5200',
                    '55901271673596', 'amacedo@example.net', 'qh8b67Vp*mGK', 'Aluno');
INSERT INTO USUARIO (id, nome, sobrenome, data_nascimento, sexo, cep, numero,
                                 telefone, email, senha, tipo_usuario)
            VALUES (51, 'Isabela', 'Novaes', '1999-01-18', '8', '23765486', '5838',
                    '53858770152734', 'gduarte@example.com', '8(^4EFilZa59', 'Professor');
INSERT INTO USUARIO (id, nome, sobrenome, data_nascimento, sexo, cep, numero,
                                 telefone, email, senha, tipo_usuario)
            VALUES (52, 'Yan', 'Rodrigues', '2005-06-25', 'M', '40340-166', '4684',
                    '42357720011947', 'diegosilveira@example.net', '55Z$Qh5w!Tu8', 'Funcionário');
INSERT INTO USUARIO (id, nome, sobrenome, data_nascimento, sexo, cep, numero,
                                 telefone, email, senha, tipo_usuario)
            VALUES (53, 'Mariana', 'Pimenta', '2002-11-24', 'F', '28000-342', '7530',
                    '63108559035997', 'ecavalcante@example.com', '+)2jk!)a%5BO', 'Funcionário');
INSERT INTO USUARIO (id, nome, sobrenome, data_nascimento, sexo, cep, numero,
                                 telefone, email, senha, tipo_usuario)
            VALUES (54, 'Danilo', 'Dias', '2001-02-08', 'Z', '60837822', '7226',
                    '54351897692445', 'yan20@example.net', '#J59ejRMgfrY', 'Funcionário');
INSERT INTO USUARIO (id, nome, sobrenome, data_nascimento, sexo, cep, numero,
                                 telefone, email, senha, tipo_usuario)
            VALUES (55, 'Raquel', 'Novaes', '1994-11-27', 'M', '08873609', '7506',
                    '02130120327796', 'pietra15@example.net', '$P+(b+cT61HZ', 'Aluno');
INSERT INTO USUARIO (id, nome, sobrenome, data_nascimento, sexo, cep, numero,
                                 telefone, email, senha, tipo_usuario)
            VALUES (56, 'Alana', 'Moreira', '1980-09-30', '8', '72842-936', '3717',
                    '36015135508546', 'melina35@example.com', '6M5hvFNr%uBs', 'Professor');
INSERT INTO USUARIO (id, nome, sobrenome, data_nascimento, sexo, cep, numero,
                                 telefone, email, senha, tipo_usuario)
            VALUES (57, 'Ana Sophia', 'Porto', '2005-03-26', 'F', '61460931', '7575',
                    '30799871904562', 'sousaoliver@example.org', 'hm&0cWF^9+z9', 'Aluno');
INSERT INTO USUARIO (id, nome, sobrenome, data_nascimento, sexo, cep, numero,
                                 telefone, email, senha, tipo_usuario)
            VALUES (58, 'Ana', 'Camargo', '1993-10-19', 'Z', '18088357', '3084',
                    '30714289929687', 'vieiragabrielly@example.com', '@Bp@1Vo%#G^F', 'Funcionário');
INSERT INTO USUARIO (id, nome, sobrenome, data_nascimento, sexo, cep, numero,
                                 telefone, email, senha, tipo_usuario)
            VALUES (59, 'Dom', 'Câmara', '1985-07-27', 'Z', '12540932', '3822',
                    '62502768945236', 'cirinocaroline@example.net', 'PC6nlI)p^UOh', 'Funcionário');
INSERT INTO USUARIO (id, nome, sobrenome, data_nascimento, sexo, cep, numero,
                                 telefone, email, senha, tipo_usuario)
            VALUES (60, 'Ana Júlia', 'Brito', '1996-04-10', '8', '30207162', '7738',
                    '97261761445456', 'trodrigues@example.com', '0vRflVsw!dmu', 'Funcionário');
INSERT INTO USUARIO (id, nome, sobrenome, data_nascimento, sexo, cep, numero,
                                 telefone, email, senha, tipo_usuario)
            VALUES (61, 'Clarice', 'Campos', '1977-04-18', '8', '79961985', '3557',
                    '21125142093280', 'ninacarvalho@example.net', 'v#g2S5^gJv6V', 'Funcionário');
INSERT INTO USUARIO (id, nome, sobrenome, data_nascimento, sexo, cep, numero,
                                 telefone, email, senha, tipo_usuario)
            VALUES (62, 'João Lucas', 'Brito', '1991-06-03', '8', '46894752', '913',
                    '17074586159787', 'luiz-otavioferreira@example.org', 'hiEmGj0&$f7O', 'Funcionário');
INSERT INTO USUARIO (id, nome, sobrenome, data_nascimento, sexo, cep, numero,
                                 telefone, email, senha, tipo_usuario)
            VALUES (63, 'Lucca', 'Fogaça', '1985-06-20', 'M', '81034294', '1823',
                    '33652865552383', 'bryanalves@example.org', '&qhdcf(t80QR', 'Administrador');
INSERT INTO USUARIO (id, nome, sobrenome, data_nascimento, sexo, cep, numero,
                                 telefone, email, senha, tipo_usuario)
            VALUES (64, 'Rafaela', 'Vargas', '2005-09-29', 'Z', '40450294', '8323',
                    '91487428767254', 'tmelo@example.org', '9RIIoAx0+q!R', 'Professor');
INSERT INTO USUARIO (id, nome, sobrenome, data_nascimento, sexo, cep, numero,
                                 telefone, email, senha, tipo_usuario)
            VALUES (65, 'Diego', 'Ramos', '1994-01-30', 'F', '68885265', '309',
                    '47251646638955', 'nicole58@example.net', 'b*ZEyLp4&a4b', 'Funcionário');
INSERT INTO USUARIO (id, nome, sobrenome, data_nascimento, sexo, cep, numero,
                                 telefone, email, senha, tipo_usuario)
            VALUES (66, 'Maitê', 'Borges', '1992-01-12', 'M', '45950116', '4399',
                    '97761448326428', 'sampaioluana@example.org', '$8jh)4)3_7Qn', 'Professor');
INSERT INTO USUARIO (id, nome, sobrenome, data_nascimento, sexo, cep, numero,
                                 telefone, email, senha, tipo_usuario)
            VALUES (67, 'Enzo', 'Abreu', '1992-05-11', 'F', '33401-980', '8179',
                    '06624847533825', 'eloahda-rosa@example.com', 'i(i_+TTqZ7%P', 'Aluno');
INSERT INTO USUARIO (id, nome, sobrenome, data_nascimento, sexo, cep, numero,
                                 telefone, email, senha, tipo_usuario)
            VALUES (68, 'Théo', 'Cardoso', '1993-08-05', 'Z', '47490736', '6280',
                    '57573171480511', 'sofia64@example.net', 'BNllLeIsa$86', 'Aluno');
INSERT INTO USUARIO (id, nome, sobrenome, data_nascimento, sexo, cep, numero,
                                 telefone, email, senha, tipo_usuario)
            VALUES (69, 'Ryan', 'Pastor', '1979-08-12', '8', '45909975', '1268',
                    '63984693614223', 'mouraravi@example.org', 'bAeUyMlqp@2P', 'Aluno');
INSERT INTO USUARIO (id, nome, sobrenome, data_nascimento, sexo, cep, numero,
                                 telefone, email, senha, tipo_usuario)
            VALUES (70, 'Renan', 'Vasconcelos', '1981-02-02', 'Z', '15362391', '9677',
                    '11418247814965', 'guilhermenunes@example.com', '#2DXd_xmHY*T', 'Funcionário');
INSERT INTO USUARIO (id, nome, sobrenome, data_nascimento, sexo, cep, numero,
                                 telefone, email, senha, tipo_usuario)
            VALUES (71, 'Agatha', 'Jesus', '2000-10-15', 'Z', '86018275', '6926',
                    '76875003201605', 'fariasjoao-guilherme@example.com', '&05RRvyjnzlt', 'Professor');
INSERT INTO USUARIO (id, nome, sobrenome, data_nascimento, sexo, cep, numero,
                                 telefone, email, senha, tipo_usuario)
            VALUES (72, 'Giovanna', 'Sousa', '2004-09-16', 'M', '35400-421', '5400',
                    '23909994154537', 'egarcia@example.net', 't+o%7pYc0&Ik', 'Professor');
INSERT INTO USUARIO (id, nome, sobrenome, data_nascimento, sexo, cep, numero,
                                 telefone, email, senha, tipo_usuario)
            VALUES (73, 'Davi Lucca', 'Lima', '1995-07-09', 'Z', '22147-749', '7168',
                    '11261601771613', 'andradeisabel@example.org', 'Q@^wj8!vxARr', 'Funcionário');
INSERT INTO USUARIO (id, nome, sobrenome, data_nascimento, sexo, cep, numero,
                                 telefone, email, senha, tipo_usuario)
            VALUES (74, 'Olívia', 'Rodrigues', '2005-12-14', 'F', '29206-166', '979',
                    '14126239500150', 'mendoncaantony@example.net', 'g+T@zpeo9s5w', 'Administrador');
INSERT INTO USUARIO (id, nome, sobrenome, data_nascimento, sexo, cep, numero,
                                 telefone, email, senha, tipo_usuario)
            VALUES (75, 'Lucas Gabriel', 'Abreu', '1975-09-07', 'F', '79151-242', '6646',
                    '03596732322846', 'samuel94@example.com', 'm0Br9j+5%@IB', 'Aluno');
INSERT INTO USUARIO (id, nome, sobrenome, data_nascimento, sexo, cep, numero,
                                 telefone, email, senha, tipo_usuario)
            VALUES (76, 'Levi', 'Teixeira', '1997-06-29', '8', '90138-349', '2601',
                    '32458801416768', 'da-conceicaoravi-lucca@example.org', 'FiVegH##@+0G', 'Funcionário');
INSERT INTO USUARIO (id, nome, sobrenome, data_nascimento, sexo, cep, numero,
                                 telefone, email, senha, tipo_usuario)
            VALUES (77, 'Benjamim', 'Ribeiro', '1996-11-01', '8', '56860764', '9559',
                    '35303716560973', 'antony94@example.com', '#AKY8X@e(hy%', 'Funcionário');
INSERT INTO USUARIO (id, nome, sobrenome, data_nascimento, sexo, cep, numero,
                                 telefone, email, senha, tipo_usuario)
            VALUES (78, 'Gabrielly', 'da Rosa', '1992-11-07', '8', '40532215', '4785',
                    '00969002449226', 'montenegrojulia@example.net', 'u%%m2XgSOPi7', 'Professor');
INSERT INTO USUARIO (id, nome, sobrenome, data_nascimento, sexo, cep, numero,
                                 telefone, email, senha, tipo_usuario)
            VALUES (79, 'Ana', 'Cavalcanti', '1992-04-17', '8', '74457622', '5507',
                    '23303361983106', 'pintovalentina@example.com', 'qrJM9QMr%r0o', 'Funcionário');
INSERT INTO USUARIO (id, nome, sobrenome, data_nascimento, sexo, cep, numero,
                                 telefone, email, senha, tipo_usuario)
            VALUES (80, 'Gustavo', 'Barbosa', '1993-02-08', 'F', '12414-764', '2866',
                    '65618181607734', 'nunesrafaela@example.org', 'J%#40WpB4Yt)', 'Professor');
INSERT INTO USUARIO (id, nome, sobrenome, data_nascimento, sexo, cep, numero,
                                 telefone, email, senha, tipo_usuario)
            VALUES (81, 'Leonardo', 'da Rosa', '1975-05-29', 'M', '47104977', '4226',
                    '19159665195685', 'cirinoisis@example.com', ')uIA(x%Xm_8O', 'Funcionário');
INSERT INTO USUARIO (id, nome, sobrenome, data_nascimento, sexo, cep, numero,
                                 telefone, email, senha, tipo_usuario)
            VALUES (82, 'Manuela', 'Rezende', '2006-01-22', 'F', '29662-178', '3159',
                    '07552884555570', 'ualbuquerque@example.com', 'ty+V0YUvHiR!', 'Administrador');
INSERT INTO USUARIO (id, nome, sobrenome, data_nascimento, sexo, cep, numero,
                                 telefone, email, senha, tipo_usuario)
            VALUES (83, 'Matteo', 'Machado', '1991-05-29', 'F', '16339148', '1129',
                    '26380119200851', 'joao-miguel36@example.org', 't+ASvSheGw1R', 'Administrador');
INSERT INTO USUARIO (id, nome, sobrenome, data_nascimento, sexo, cep, numero,
                                 telefone, email, senha, tipo_usuario)
            VALUES (84, 'Aylla', 'Abreu', '1987-07-17', '8', '20736-563', '1061',
                    '14283760577084', 'mouramariane@example.com', '!5&OU!dAg0LT', 'Aluno');
INSERT INTO USUARIO (id, nome, sobrenome, data_nascimento, sexo, cep, numero,
                                 telefone, email, senha, tipo_usuario)
            VALUES (85, 'Sarah', 'Campos', '1976-11-24', '8', '51955-633', '2961',
                    '25980853525564', 'leticia81@example.org', 'Ft&*KpruUN*4', 'Funcionário');
INSERT INTO USUARIO (id, nome, sobrenome, data_nascimento, sexo, cep, numero,
                                 telefone, email, senha, tipo_usuario)
            VALUES (86, 'Maria Júlia', 'Melo', '2002-07-12', 'Z', '18171-944', '6514',
                    '13559059005071', 'freitasluiz-gustavo@example.com', 'm(&pb5U$2q6Q', 'Funcionário');
INSERT INTO USUARIO (id, nome, sobrenome, data_nascimento, sexo, cep, numero,
                                 telefone, email, senha, tipo_usuario)
            VALUES (87, 'Hadassa', 'Marques', '1983-07-22', '8', '20623-975', '2358',
                    '96705062953337', 'wcampos@example.com', 'MG#M%NYg^uo4', 'Professor');
INSERT INTO USUARIO (id, nome, sobrenome, data_nascimento, sexo, cep, numero,
                                 telefone, email, senha, tipo_usuario)
            VALUES (88, 'Davi Lucca', 'Oliveira', '1993-12-16', 'M', '55105-991', '9781',
                    '50077061425248', 'bernardomachado@example.org', 'X5KCj^lr@8VJ', 'Professor');
INSERT INTO USUARIO (id, nome, sobrenome, data_nascimento, sexo, cep, numero,
                                 telefone, email, senha, tipo_usuario)
            VALUES (89, 'Paulo', 'da Costa', '1999-05-23', 'F', '85144-862', '2678',
                    '73411267585551', 'henriqueda-costa@example.net', 'Q4^Oh0jV&kSi', 'Funcionário');
INSERT INTO USUARIO (id, nome, sobrenome, data_nascimento, sexo, cep, numero,
                                 telefone, email, senha, tipo_usuario)
            VALUES (90, 'Manuella', 'Barros', '1977-07-19', '8', '36888050', '5817',
                    '79353550227041', 'vargascarlos-eduardo@example.org', '6m&2ULJkaz@s', 'Professor');
INSERT INTO USUARIO (id, nome, sobrenome, data_nascimento, sexo, cep, numero,
                                 telefone, email, senha, tipo_usuario)
            VALUES (91, 'Beatriz', 'Borges', '1991-09-21', 'M', '39407120', '3705',
                    '04158874358606', 'zaparecida@example.com', '4g6Eoas3@)lV', 'Aluno');
INSERT INTO USUARIO (id, nome, sobrenome, data_nascimento, sexo, cep, numero,
                                 telefone, email, senha, tipo_usuario)
            VALUES (92, 'Maria Eduarda', 'Moraes', '1981-05-08', 'F', '48776264', '2580',
                    '68131939725443', 'lpastor@example.com', '&tSbv*S92qUm', 'Funcionário');
INSERT INTO USUARIO (id, nome, sobrenome, data_nascimento, sexo, cep, numero,
                                 telefone, email, senha, tipo_usuario)
            VALUES (93, 'Apollo', 'Melo', '1998-05-05', 'M', '47831860', '3369',
                    '14030963858306', 'bpereira@example.org', 'MK2DvhcUiB+5', 'Funcionário');
INSERT INTO USUARIO (id, nome, sobrenome, data_nascimento, sexo, cep, numero,
                                 telefone, email, senha, tipo_usuario)
            VALUES (94, 'Calebe', 'da Rocha', '1997-09-20', 'M', '84207296', '5761',
                    '22330907644048', 'zoe47@example.net', '9+0@8D_xhHO7', 'Funcionário');
INSERT INTO USUARIO (id, nome, sobrenome, data_nascimento, sexo, cep, numero,
                                 telefone, email, senha, tipo_usuario)
            VALUES (95, 'Maria Vitória', 'Albuquerque', '1983-10-14', 'F', '96648-260', '7731',
                    '21575389182449', 'cgarcia@example.com', '@_U+fiBzE8rB', 'Administrador');
INSERT INTO USUARIO (id, nome, sobrenome, data_nascimento, sexo, cep, numero,
                                 telefone, email, senha, tipo_usuario)
            VALUES (96, 'Milena', 'Cavalcanti', '1998-04-21', '8', '41176-222', '6034',
                    '14719574120665', 'araujolavinia@example.com', '*bslMsVKtCZ3', 'Professor');
INSERT INTO USUARIO (id, nome, sobrenome, data_nascimento, sexo, cep, numero,
                                 telefone, email, senha, tipo_usuario)
            VALUES (97, 'Agatha', 'Cavalcanti', '1984-07-03', 'Z', '03095882', '515',
                    '74840396485700', 'tabreu@example.com', '6R3J@KVe^4Eg', 'Professor');
INSERT INTO USUARIO (id, nome, sobrenome, data_nascimento, sexo, cep, numero,
                                 telefone, email, senha, tipo_usuario)
            VALUES (98, 'Maria Cecília', 'Montenegro', '2003-01-22', 'F', '87890001', '8403',
                    '96584877246956', 'sfonseca@example.com', 'E9%KouYf@GAX', 'Aluno');
INSERT INTO USUARIO (id, nome, sobrenome, data_nascimento, sexo, cep, numero,
                                 telefone, email, senha, tipo_usuario)
            VALUES (99, 'Anthony Gabriel', 'Brito', '1996-07-02', 'F', '24755-949', '794',
                    '72127619769389', 'mfernandes@example.org', 'Nt)1xF@eNj&t', 'Administrador');
INSERT INTO USUARIO (id, nome, sobrenome, data_nascimento, sexo, cep, numero,
                                 telefone, email, senha, tipo_usuario)
            VALUES (100, 'Otávio', 'da Rocha', '2001-02-11', 'F', '18725-026', '8712',
                    '53791911923404', 'mathiasda-rocha@example.com', 'VTO%7e_m_6@4', 'Administrador');
INSERT INTO USUARIO (id, nome, sobrenome, data_nascimento, sexo, cep, numero,
                                 telefone, email, senha, tipo_usuario)
            VALUES (101, 'Gabrielly', 'Nascimento', '1986-01-06', 'Z', '68923352', '5910',
                    '46662558395510', 'isis10@example.net', '$TW*hKJmz2+O', 'Administrador');
INSERT INTO FUNCIONARIO (id_usuario) VALUES (51);
INSERT INTO FUNCIONARIO (id_usuario) VALUES (52);
INSERT INTO FUNCIONARIO (id_usuario) VALUES (53);
INSERT INTO FUNCIONARIO (id_usuario) VALUES (54);
INSERT INTO FUNCIONARIO (id_usuario) VALUES (55);
INSERT INTO FUNCIONARIO (id_usuario) VALUES (56);
INSERT INTO FUNCIONARIO (id_usuario) VALUES (57);
INSERT INTO FUNCIONARIO (id_usuario) VALUES (58);
INSERT INTO FUNCIONARIO (id_usuario) VALUES (59);
INSERT INTO FUNCIONARIO (id_usuario) VALUES (60);
INSERT INTO PROFESSOR (id_usuario, area_especializacao, titulacao, id_unidade) VALUES (11, 'IA', 'Engenheiro de Base de Dados', 17);
INSERT INTO PROFESSOR (id_usuario, area_especializacao, titulacao, id_unidade) VALUES (12, 'Ciberética', 'Engenheiro de Base de Dados', 9);
INSERT INTO PROFESSOR (id_usuario, area_especializacao, titulacao, id_unidade) VALUES (13, 'Ciberética', 'Mestre', 14);
INSERT INTO PROFESSOR (id_usuario, area_especializacao, titulacao, id_unidade) VALUES (14, 'IA', 'Engenheiro de Base de Dados', 5);
INSERT INTO PROFESSOR (id_usuario, area_especializacao, titulacao, id_unidade) VALUES (15, 'Cybersegurança', 'Engenheiro de Base de Dados', 4);
INSERT INTO PROFESSOR (id_usuario, area_especializacao, titulacao, id_unidade) VALUES (16, 'Cybersegurança', 'Mestre', 15);
INSERT INTO PROFESSOR (id_usuario, area_especializacao, titulacao, id_unidade) VALUES (17, 'Sistemas Quânticos', 'Mestre', 10);
INSERT INTO PROFESSOR (id_usuario, area_especializacao, titulacao, id_unidade) VALUES (18, 'Blockchain', 'Engenheiro de Base de Dados', 8);
INSERT INTO PROFESSOR (id_usuario, area_especializacao, titulacao, id_unidade) VALUES (19, 'Ciberética', 'Mestre', 1);
INSERT INTO PROFESSOR (id_usuario, area_especializacao, titulacao, id_unidade) VALUES (20, 'Ciberética', 'PhD', 17);
INSERT INTO PROFESSOR (id_usuario, area_especializacao, titulacao, id_unidade) VALUES (21, 'Ciberética', 'PhD', 15);
INSERT INTO PROFESSOR (id_usuario, area_especializacao, titulacao, id_unidade) VALUES (22, 'Blockchain', 'Doutor', 12);
INSERT INTO PROFESSOR (id_usuario, area_especializacao, titulacao, id_unidade) VALUES (23, 'IA', 'Mestre', 19);
INSERT INTO PROFESSOR (id_usuario, area_especializacao, titulacao, id_unidade) VALUES (24, 'Sistemas Quânticos', 'PhD', 19);
INSERT INTO PROFESSOR (id_usuario, area_especializacao, titulacao, id_unidade) VALUES (25, 'IA', 'Engenheiro de Base de Dados', 19);
INSERT INTO PROFESSOR (id_usuario, area_especializacao, titulacao, id_unidade) VALUES (26, 'IA', 'Engenheiro de Base de Dados', 5);
INSERT INTO PROFESSOR (id_usuario, area_especializacao, titulacao, id_unidade) VALUES (27, 'Blockchain', 'PhD', 11);
INSERT INTO PROFESSOR (id_usuario, area_especializacao, titulacao, id_unidade) VALUES (28, 'Cybersegurança', 'Mestre', 1);
INSERT INTO PROFESSOR (id_usuario, area_especializacao, titulacao, id_unidade) VALUES (29, 'IA', 'Engenheiro de Base de Dados', 5);
INSERT INTO PROFESSOR (id_usuario, area_especializacao, titulacao, id_unidade) VALUES (30, 'Blockchain', 'Engenheiro de Base de Dados', 4);
INSERT INTO DEPARTAMENTO (codigo_unico, nome, id_professor, id_unidade) VALUES (1, 'Depto Mendonça', 28, 3);
INSERT INTO DEPARTAMENTO (codigo_unico, nome, id_professor, id_unidade) VALUES (2, 'Depto da Cunha', 24, 1);
INSERT INTO DEPARTAMENTO (codigo_unico, nome, id_professor, id_unidade) VALUES (3, 'Depto Sousa', 26, 19);
INSERT INTO DEPARTAMENTO (codigo_unico, nome, id_professor, id_unidade) VALUES (4, 'Depto Costa', 23, 14);
INSERT INTO DEPARTAMENTO (codigo_unico, nome, id_professor, id_unidade) VALUES (5, 'Depto Sá', 17, 15);
INSERT INTO DEPARTAMENTO (codigo_unico, nome, id_professor, id_unidade) VALUES (6, 'Depto Azevedo', 13, 8);
INSERT INTO DEPARTAMENTO (codigo_unico, nome, id_professor, id_unidade) VALUES (7, 'Depto Silveira', 17, 10);
INSERT INTO DEPARTAMENTO (codigo_unico, nome, id_professor, id_unidade) VALUES (8, 'Depto Sampaio', 20, 11);
INSERT INTO DEPARTAMENTO (codigo_unico, nome, id_professor, id_unidade) VALUES (9, 'Depto da Conceição', 11, 15);
INSERT INTO DEPARTAMENTO (codigo_unico, nome, id_professor, id_unidade) VALUES (10, 'Depto Ramos', 11, 17);
INSERT INTO DEPARTAMENTO (codigo_unico, nome, id_professor, id_unidade) VALUES (11, 'Depto da Conceição', 20, 15);
INSERT INTO DEPARTAMENTO (codigo_unico, nome, id_professor, id_unidade) VALUES (12, 'Depto Casa Grande', 27, 12);
INSERT INTO DEPARTAMENTO (codigo_unico, nome, id_professor, id_unidade) VALUES (13, 'Depto Pires', 25, 7);
INSERT INTO DEPARTAMENTO (codigo_unico, nome, id_professor, id_unidade) VALUES (14, 'Depto Farias', 13, 2);
INSERT INTO DEPARTAMENTO (codigo_unico, nome, id_professor, id_unidade) VALUES (15, 'Depto Viana', 26, 1);
INSERT INTO DEPARTAMENTO (codigo_unico, nome, id_professor, id_unidade) VALUES (16, 'Depto Carvalho', 13, 16);
INSERT INTO DEPARTAMENTO (codigo_unico, nome, id_professor, id_unidade) VALUES (17, 'Depto Gomes', 15, 18);
INSERT INTO DEPARTAMENTO (codigo_unico, nome, id_professor, id_unidade) VALUES (18, 'Depto Ramos', 16, 12);
INSERT INTO DEPARTAMENTO (codigo_unico, nome, id_professor, id_unidade) VALUES (19, 'Depto Cavalcante', 29, 17);
INSERT INTO DEPARTAMENTO (codigo_unico, nome, id_professor, id_unidade) VALUES (20, 'Depto Fernandes', 27, 5);
INSERT INTO DEPARTAMENTO (codigo_unico, nome, id_professor, id_unidade) VALUES (21, 'Depto Dias', 22, 3);
INSERT INTO DEPARTAMENTO (codigo_unico, nome, id_professor, id_unidade) VALUES (22, 'Depto Rocha', 27, 18);
INSERT INTO CURSO (codigo_unico, nome, carga_horaria_total, numero_vagas, ementa, nivel_ensino, sala_padrao, id_departamento, id_unidade) VALUES (1000, 'Curso de Tecnologia do Caos', 2210, 45, 'O Curso tem como objetivo a dar 10 aos alunos que viraram noites fazendo o trabalho de BD', 'Pós', 'Sala 815', 10, 16);
INSERT INTO CURSO (codigo_unico, nome, carga_horaria_total, numero_vagas, ementa, nivel_ensino, sala_padrao, id_departamento, id_unidade) VALUES (1001, 'Curso de Engenharia do Caos', 3246, 121, 'O Curso tem como objetivo a dar 10 aos alunos que viraram noites fazendo o trabalho de BD', 'Pós', 'Sala 227', 14, 17);
INSERT INTO CURSO (codigo_unico, nome, carga_horaria_total, numero_vagas, ementa, nivel_ensino, sala_padrao, id_departamento, id_unidade) VALUES (1002, 'Curso de Ciência Cognitiva', 2875, 145, 'O Curso tem como objetivo a dar 10 aos alunos que viraram noites fazendo o trabalho de BD', 'Graduação', 'Sala 229', 10, 7);
INSERT INTO CURSO (codigo_unico, nome, carga_horaria_total, numero_vagas, ementa, nivel_ensino, sala_padrao, id_departamento, id_unidade) VALUES (1003, 'Curso de Tecnologia do Caos', 2312, 174, 'O Curso tem como objetivo a dar 10 aos alunos que viraram noites fazendo o trabalho de BD', 'Graduação', 'Sala 628', 2, 11);
INSERT INTO CURSO (codigo_unico, nome, carga_horaria_total, numero_vagas, ementa, nivel_ensino, sala_padrao, id_departamento, id_unidade) VALUES (1004, 'Curso de Tecnologia Cognitiva', 2205, 67, 'O Curso tem como objetivo a dar 10 aos alunos que viraram noites fazendo o trabalho de BD', 'Tecnólogo', 'Sala 721', 10, 11);
INSERT INTO CURSO (codigo_unico, nome, carga_horaria_total, numero_vagas, ementa, nivel_ensino, sala_padrao, id_departamento, id_unidade) VALUES (1005, 'Curso de Ciência Cognitiva', 3704, 44, 'O Curso tem como objetivo a dar 10 aos alunos que viraram noites fazendo o trabalho de BD', 'Tecnólogo', 'Sala 303', 11, 18);
INSERT INTO CURSO (codigo_unico, nome, carga_horaria_total, numero_vagas, ementa, nivel_ensino, sala_padrao, id_departamento, id_unidade) VALUES (1006, 'Curso de Ciência Cognitiva', 2843, 177, 'O Curso tem como objetivo a dar 10 aos alunos que viraram noites fazendo o trabalho de BD', 'Pós', 'Sala 804', 2, 3);
INSERT INTO CURSO (codigo_unico, nome, carga_horaria_total, numero_vagas, ementa, nivel_ensino, sala_padrao, id_departamento, id_unidade) VALUES (1007, 'Curso de Ciência do Caos', 3042, 56, 'O Curso tem como objetivo a dar 10 aos alunos que viraram noites fazendo o trabalho de BD', 'Tecnólogo', 'Sala 359', 5, 15);
INSERT INTO CURSO (codigo_unico, nome, carga_horaria_total, numero_vagas, ementa, nivel_ensino, sala_padrao, id_departamento, id_unidade) VALUES (1008, 'Curso de Tecnologia da Informação', 2622, 69, 'O Curso tem como objetivo a dar 10 aos alunos que viraram noites fazendo o trabalho de BD', 'Tecnólogo', 'Sala 870', 13, 4);
INSERT INTO CURSO (codigo_unico, nome, carga_horaria_total, numero_vagas, ementa, nivel_ensino, sala_padrao, id_departamento, id_unidade) VALUES (1009, 'Curso de Ciência da Informação', 2418, 153, 'O Curso tem como objetivo a dar 10 aos alunos que viraram noites fazendo o trabalho de BD', 'Tecnólogo', 'Sala 812', 21, 18);
INSERT INTO CURSO (codigo_unico, nome, carga_horaria_total, numero_vagas, ementa, nivel_ensino, sala_padrao, id_departamento, id_unidade) VALUES (1010, 'Curso de Ciência Cognitiva', 3913, 159, 'O Curso tem como objetivo a dar 10 aos alunos que viraram noites fazendo o trabalho de BD', 'Tecnólogo', 'Sala 156', 22, 12);
INSERT INTO CURSO (codigo_unico, nome, carga_horaria_total, numero_vagas, ementa, nivel_ensino, sala_padrao, id_departamento, id_unidade) VALUES (1011, 'Curso de Tecnologia Cognitiva', 2707, 36, 'O Curso tem como objetivo a dar 10 aos alunos que viraram noites fazendo o trabalho de BD', 'Graduação', 'Sala 492', 7, 17);
INSERT INTO CURSO (codigo_unico, nome, carga_horaria_total, numero_vagas, ementa, nivel_ensino, sala_padrao, id_departamento, id_unidade) VALUES (1012, 'Curso de Engenharia Cognitiva', 2040, 158, 'O Curso tem como objetivo a dar 10 aos alunos que viraram noites fazendo o trabalho de BD', 'Tecnólogo', 'Sala 612', 17, 20);
INSERT INTO CURSO (codigo_unico, nome, carga_horaria_total, numero_vagas, ementa, nivel_ensino, sala_padrao, id_departamento, id_unidade) VALUES (1013, 'Curso de Engenharia do Caos', 3029, 181, 'O Curso tem como objetivo a dar 10 aos alunos que viraram noites fazendo o trabalho de BD', 'Pós', 'Sala 757', 4, 14);
INSERT INTO CURSO (codigo_unico, nome, carga_horaria_total, numero_vagas, ementa, nivel_ensino, sala_padrao, id_departamento, id_unidade) VALUES (1014, 'Curso de Engenharia do Caos', 3821, 56, 'O Curso tem como objetivo a dar 10 aos alunos que viraram noites fazendo o trabalho de BD', 'Tecnólogo', 'Sala 206', 13, 2);
INSERT INTO CURSO (codigo_unico, nome, carga_horaria_total, numero_vagas, ementa, nivel_ensino, sala_padrao, id_departamento, id_unidade) VALUES (1015, 'Curso de Engenharia Cognitiva', 3204, 144, 'O Curso tem como objetivo a dar 10 aos alunos que viraram noites fazendo o trabalho de BD', 'Graduação', 'Sala 573', 19, 16);
INSERT INTO CURSO (codigo_unico, nome, carga_horaria_total, numero_vagas, ementa, nivel_ensino, sala_padrao, id_departamento, id_unidade) VALUES (1016, 'Curso de Ciência do Caos', 3497, 84, 'O Curso tem como objetivo a dar 10 aos alunos que viraram noites fazendo o trabalho de BD', 'Graduação', 'Sala 726', 17, 12);
INSERT INTO CURSO (codigo_unico, nome, carga_horaria_total, numero_vagas, ementa, nivel_ensino, sala_padrao, id_departamento, id_unidade) VALUES (1017, 'Curso de Ciência do Caos', 2296, 134, 'O Curso tem como objetivo a dar 10 aos alunos que viraram noites fazendo o trabalho de BD', 'Graduação', 'Sala 423', 12, 19);
INSERT INTO CURSO (codigo_unico, nome, carga_horaria_total, numero_vagas, ementa, nivel_ensino, sala_padrao, id_departamento, id_unidade) VALUES (1018, 'Curso de Tecnologia do Caos', 3984, 184, 'O Curso tem como objetivo a dar 10 aos alunos que viraram noites fazendo o trabalho de BD', 'Pós', 'Sala 245', 2, 12);
INSERT INTO CURSO (codigo_unico, nome, carga_horaria_total, numero_vagas, ementa, nivel_ensino, sala_padrao, id_departamento, id_unidade) VALUES (1019, 'Curso de Engenharia do Caos', 3725, 131, 'O Curso tem como objetivo a dar 10 aos alunos que viraram noites fazendo o trabalho de BD', 'Tecnólogo', 'Sala 215', 15, 13);
INSERT INTO CURSO (codigo_unico, nome, carga_horaria_total, numero_vagas, ementa, nivel_ensino, sala_padrao, id_departamento, id_unidade) VALUES (1020, 'Curso de Engenharia Cognitiva', 2236, 30, 'O Curso tem como objetivo a dar 10 aos alunos que viraram noites fazendo o trabalho de BD', 'Pós', 'Sala 485', 20, 18);
INSERT INTO CURSO (codigo_unico, nome, carga_horaria_total, numero_vagas, ementa, nivel_ensino, sala_padrao, id_departamento, id_unidade) VALUES (1021, 'Curso de Engenharia do Caos', 2158, 62, 'O Curso tem como objetivo a dar 10 aos alunos que viraram noites fazendo o trabalho de BD', 'Graduação', 'Sala 816', 8, 18);
INSERT INTO CURSO (codigo_unico, nome, carga_horaria_total, numero_vagas, ementa, nivel_ensino, sala_padrao, id_departamento, id_unidade) VALUES (1022, 'Curso de Tecnologia da Informação', 2472, 87, 'O Curso tem como objetivo a dar 10 aos alunos que viraram noites fazendo o trabalho de BD', 'Graduação', 'Sala 644', 3, 3);
INSERT INTO CURSO (codigo_unico, nome, carga_horaria_total, numero_vagas, ementa, nivel_ensino, sala_padrao, id_departamento, id_unidade) VALUES (1023, 'Curso de Ciência do Caos', 2426, 152, 'O Curso tem como objetivo a dar 10 aos alunos que viraram noites fazendo o trabalho de BD', 'Pós', 'Sala 519', 21, 14);
INSERT INTO CURSO (codigo_unico, nome, carga_horaria_total, numero_vagas, ementa, nivel_ensino, sala_padrao, id_departamento, id_unidade) VALUES (1024, 'Curso de Tecnologia Cognitiva', 2749, 98, 'O Curso tem como objetivo a dar 10 aos alunos que viraram noites fazendo o trabalho de BD', 'Tecnólogo', 'Sala 629', 10, 18);
INSERT INTO CURSO (codigo_unico, nome, carga_horaria_total, numero_vagas, ementa, nivel_ensino, sala_padrao, id_departamento, id_unidade) VALUES (1025, 'Curso de Tecnologia Cognitiva', 3556, 143, 'O Curso tem como objetivo a dar 10 aos alunos que viraram noites fazendo o trabalho de BD', 'Tecnólogo', 'Sala 777', 17, 19);
INSERT INTO CURSO (codigo_unico, nome, carga_horaria_total, numero_vagas, ementa, nivel_ensino, sala_padrao, id_departamento, id_unidade) VALUES (1026, 'Curso de Tecnologia do Caos', 2731, 75, 'O Curso tem como objetivo a dar 10 aos alunos que viraram noites fazendo o trabalho de BD', 'Pós', 'Sala 546', 4, 8);
INSERT INTO CURSO (codigo_unico, nome, carga_horaria_total, numero_vagas, ementa, nivel_ensino, sala_padrao, id_departamento, id_unidade) VALUES (1027, 'Curso de Ciência Cognitiva', 2415, 154, 'O Curso tem como objetivo a dar 10 aos alunos que viraram noites fazendo o trabalho de BD', 'Tecnólogo', 'Sala 475', 8, 6);
INSERT INTO CURSO (codigo_unico, nome, carga_horaria_total, numero_vagas, ementa, nivel_ensino, sala_padrao, id_departamento, id_unidade) VALUES (1028, 'Curso de Engenharia da Informação', 3289, 137, 'O Curso tem como objetivo a dar 10 aos alunos que viraram noites fazendo o trabalho de BD', 'Tecnólogo', 'Sala 381', 8, 17);
INSERT INTO CURSO (codigo_unico, nome, carga_horaria_total, numero_vagas, ementa, nivel_ensino, sala_padrao, id_departamento, id_unidade) VALUES (1029, 'Curso de Ciência Cognitiva', 2483, 63, 'O Curso tem como objetivo a dar 10 aos alunos que viraram noites fazendo o trabalho de BD', 'Graduação', 'Sala 144', 17, 9);
INSERT INTO CURSO (codigo_unico, nome, carga_horaria_total, numero_vagas, ementa, nivel_ensino, sala_padrao, id_departamento, id_unidade) VALUES (1030, 'Curso de Tecnologia da Informação', 3161, 129, 'O Curso tem como objetivo a dar 10 aos alunos que viraram noites fazendo o trabalho de BD', 'Graduação', 'Sala 187', 19, 10);
INSERT INTO CURSO (codigo_unico, nome, carga_horaria_total, numero_vagas, ementa, nivel_ensino, sala_padrao, id_departamento, id_unidade) VALUES (1031, 'Curso de Tecnologia Cognitiva', 3798, 122, 'O Curso tem como objetivo a dar 10 aos alunos que viraram noites fazendo o trabalho de BD', 'Pós', 'Sala 788', 17, 16);
INSERT INTO CURSO (codigo_unico, nome, carga_horaria_total, numero_vagas, ementa, nivel_ensino, sala_padrao, id_departamento, id_unidade) VALUES (1032, 'Curso de Engenharia da Informação', 3074, 145, 'O Curso tem como objetivo a dar 10 aos alunos que viraram noites fazendo o trabalho de BD', 'Graduação', 'Sala 229', 3, 18);
INSERT INTO DISCIPLINA (id, nome, aulas_semanais, material_didatico, id_curso, id_unidade) VALUES (1, 'Banco de Dados', 5, 'Material via IPFS no cluster NEON', 1007, 5);
INSERT INTO DISCIPLINA (id, nome, aulas_semanais, material_didatico, id_curso, id_unidade) VALUES (2, 'Banco de Dados', 4, 'Material via IPFS no cluster ZION', 1019, 17);
INSERT INTO DISCIPLINA (id, nome, aulas_semanais, material_didatico, id_curso, id_unidade) VALUES (3, 'Redes Neurais', 4, 'Material via IPFS no cluster NEON', 1024, 9);
INSERT INTO DISCIPLINA (id, nome, aulas_semanais, material_didatico, id_curso, id_unidade) VALUES (4, 'Hacking Ético', 4, 'Material via IPFS no cluster NEON', 1031, 7);
INSERT INTO DISCIPLINA (id, nome, aulas_semanais, material_didatico, id_curso, id_unidade) VALUES (5, 'Criptografia Aplicada', 4, 'Material via IPFS no cluster VOX', 1018, 12);
INSERT INTO DISCIPLINA (id, nome, aulas_semanais, material_didatico, id_curso, id_unidade) VALUES (6, 'Criptografia Aplicada', 2, 'Material via IPFS no cluster VOX', 1016, 6);
INSERT INTO DISCIPLINA (id, nome, aulas_semanais, material_didatico, id_curso, id_unidade) VALUES (7, 'Redes Neurais', 6, 'Material via IPFS no cluster VOX', 1019, 8);
INSERT INTO DISCIPLINA (id, nome, aulas_semanais, material_didatico, id_curso, id_unidade) VALUES (8, 'Banco de Dados', 5, 'Material via IPFS no cluster VOX', 1012, 20);
INSERT INTO DISCIPLINA (id, nome, aulas_semanais, material_didatico, id_curso, id_unidade) VALUES (9, 'Redes Neurais', 5, 'Material via IPFS no cluster ZION', 1013, 13);
INSERT INTO DISCIPLINA (id, nome, aulas_semanais, material_didatico, id_curso, id_unidade) VALUES (10, 'Redes Neurais', 5, 'Material via IPFS no cluster VOX', 1013, 19);
INSERT INTO DISCIPLINA (id, nome, aulas_semanais, material_didatico, id_curso, id_unidade) VALUES (11, 'Criptografia Aplicada', 6, 'Material via IPFS no cluster NEON', 1001, 17);
INSERT INTO DISCIPLINA (id, nome, aulas_semanais, material_didatico, id_curso, id_unidade) VALUES (12, 'Redes Neurais', 5, 'Material via IPFS no cluster VOX', 1000, 3);
INSERT INTO DISCIPLINA (id, nome, aulas_semanais, material_didatico, id_curso, id_unidade) VALUES (13, 'Banco de Dados', 4, 'Material via IPFS no cluster NEON', 1015, 19);
INSERT INTO DISCIPLINA (id, nome, aulas_semanais, material_didatico, id_curso, id_unidade) VALUES (14, 'Redes Neurais', 3, 'Material via IPFS no cluster VOX', 1016, 18);
INSERT INTO DISCIPLINA (id, nome, aulas_semanais, material_didatico, id_curso, id_unidade) VALUES (15, 'Hacking Ético', 4, 'Material via IPFS no cluster NEON', 1006, 17);
INSERT INTO DISCIPLINA (id, nome, aulas_semanais, material_didatico, id_curso, id_unidade) VALUES (16, 'Redes Neurais', 4, 'Material via IPFS no cluster ZION', 1014, 17);
INSERT INTO DISCIPLINA (id, nome, aulas_semanais, material_didatico, id_curso, id_unidade) VALUES (17, 'Neural Drift', 5, 'Material via IPFS no cluster VOX', 1015, 6);
INSERT INTO DISCIPLINA (id, nome, aulas_semanais, material_didatico, id_curso, id_unidade) VALUES (18, 'Hacking Ético', 3, 'Material via IPFS no cluster VOX', 1006, 13);
INSERT INTO DISCIPLINA (id, nome, aulas_semanais, material_didatico, id_curso, id_unidade) VALUES (19, 'Criptografia Aplicada', 4, 'Material via IPFS no cluster NEON', 1024, 10);
INSERT INTO DISCIPLINA (id, nome, aulas_semanais, material_didatico, id_curso, id_unidade) VALUES (20, 'Banco de Dados', 5, 'Material via IPFS no cluster ZION', 1008, 1);
INSERT INTO DISCIPLINA (id, nome, aulas_semanais, material_didatico, id_curso, id_unidade) VALUES (21, 'Hacking Ético', 5, 'Material via IPFS no cluster VOX', 1018, 16);
INSERT INTO DISCIPLINA (id, nome, aulas_semanais, material_didatico, id_curso, id_unidade) VALUES (22, 'Neural Drift', 3, 'Material via IPFS no cluster ZION', 1031, 16);
INSERT INTO DISCIPLINA (id, nome, aulas_semanais, material_didatico, id_curso, id_unidade) VALUES (23, 'Redes Neurais', 4, 'Material via IPFS no cluster NEON', 1016, 16);
INSERT INTO DISCIPLINA (id, nome, aulas_semanais, material_didatico, id_curso, id_unidade) VALUES (24, 'Neural Drift', 4, 'Material via IPFS no cluster NEON', 1000, 19);
INSERT INTO DISCIPLINA (id, nome, aulas_semanais, material_didatico, id_curso, id_unidade) VALUES (25, 'Neural Drift', 2, 'Material via IPFS no cluster NEON', 1004, 12);
INSERT INTO DISCIPLINA (id, nome, aulas_semanais, material_didatico, id_curso, id_unidade) VALUES (26, 'Criptografia Aplicada', 2, 'Material via IPFS no cluster NEON', 1007, 16);
INSERT INTO DISCIPLINA (id, nome, aulas_semanais, material_didatico, id_curso, id_unidade) VALUES (27, 'Banco de Dados', 3, 'Material via IPFS no cluster ZION', 1002, 8);
INSERT INTO DISCIPLINA (id, nome, aulas_semanais, material_didatico, id_curso, id_unidade) VALUES (28, 'Criptografia Aplicada', 4, 'Material via IPFS no cluster VOX', 1026, 6);
INSERT INTO DISCIPLINA (id, nome, aulas_semanais, material_didatico, id_curso, id_unidade) VALUES (29, 'Redes Neurais', 3, 'Material via IPFS no cluster NEON', 1004, 13);
INSERT INTO DISCIPLINA (id, nome, aulas_semanais, material_didatico, id_curso, id_unidade) VALUES (30, 'Criptografia Aplicada', 3, 'Material via IPFS no cluster ZION', 1010, 3);
INSERT INTO DISCIPLINA (id, nome, aulas_semanais, material_didatico, id_curso, id_unidade) VALUES (31, 'Neural Drift', 4, 'Material via IPFS no cluster NEON', 1012, 3);
INSERT INTO DISCIPLINA (id, nome, aulas_semanais, material_didatico, id_curso, id_unidade) VALUES (32, 'Neural Drift', 4, 'Material via IPFS no cluster NEON', 1030, 17);
INSERT INTO DISCIPLINA (id, nome, aulas_semanais, material_didatico, id_curso, id_unidade) VALUES (33, 'Redes Neurais', 6, 'Material via IPFS no cluster ZION', 1000, 1);
INSERT INTO ALUNO (id_usuario, id_unidade) VALUES (31, 6);
INSERT INTO ALUNO (id_usuario, id_unidade) VALUES (32, 7);
INSERT INTO ALUNO (id_usuario, id_unidade) VALUES (33, 1);
INSERT INTO ALUNO (id_usuario, id_unidade) VALUES (34, 15);
INSERT INTO ALUNO (id_usuario, id_unidade) VALUES (35, 9);
INSERT INTO ALUNO (id_usuario, id_unidade) VALUES (36, 9);
INSERT INTO ALUNO (id_usuario, id_unidade) VALUES (37, 4);
INSERT INTO ALUNO (id_usuario, id_unidade) VALUES (38, 5);
INSERT INTO ALUNO (id_usuario, id_unidade) VALUES (39, 16);
INSERT INTO ALUNO (id_usuario, id_unidade) VALUES (40, 4);
INSERT INTO ALUNO (id_usuario, id_unidade) VALUES (41, 9);
INSERT INTO ALUNO (id_usuario, id_unidade) VALUES (42, 1);
INSERT INTO ALUNO (id_usuario, id_unidade) VALUES (43, 13);
INSERT INTO ALUNO (id_usuario, id_unidade) VALUES (44, 3);
INSERT INTO ALUNO (id_usuario, id_unidade) VALUES (45, 8);
INSERT INTO ALUNO (id_usuario, id_unidade) VALUES (46, 6);
INSERT INTO ALUNO (id_usuario, id_unidade) VALUES (47, 1);
INSERT INTO ALUNO (id_usuario, id_unidade) VALUES (48, 6);
INSERT INTO ALUNO (id_usuario, id_unidade) VALUES (49, 20);
INSERT INTO ALUNO (id_usuario, id_unidade) VALUES (50, 2);
INSERT INTO ALUNO (id_usuario, id_unidade) VALUES (51, 18);
INSERT INTO ALUNO (id_usuario, id_unidade) VALUES (52, 3);
INSERT INTO ALUNO (id_usuario, id_unidade) VALUES (53, 12);
INSERT INTO ALUNO (id_usuario, id_unidade) VALUES (54, 13);
INSERT INTO ALUNO (id_usuario, id_unidade) VALUES (55, 19);
INSERT INTO ALUNO (id_usuario, id_unidade) VALUES (56, 16);
INSERT INTO ALUNO (id_usuario, id_unidade) VALUES (57, 7);
INSERT INTO ALUNO (id_usuario, id_unidade) VALUES (58, 1);
INSERT INTO ALUNO (id_usuario, id_unidade) VALUES (59, 5);
INSERT INTO ALUNO (id_usuario, id_unidade) VALUES (60, 5);
INSERT INTO ALUNO (id_usuario, id_unidade) VALUES (61, 3);
INSERT INTO ALUNO (id_usuario, id_unidade) VALUES (62, 15);
INSERT INTO ALUNO (id_usuario, id_unidade) VALUES (63, 7);
INSERT INTO ALUNO (id_usuario, id_unidade) VALUES (64, 9);
INSERT INTO ALUNO (id_usuario, id_unidade) VALUES (65, 6);
INSERT INTO ALUNO (id_usuario, id_unidade) VALUES (66, 19);
INSERT INTO ALUNO (id_usuario, id_unidade) VALUES (67, 19);
INSERT INTO ALUNO (id_usuario, id_unidade) VALUES (68, 10);
INSERT INTO ALUNO (id_usuario, id_unidade) VALUES (69, 4);
INSERT INTO ALUNO (id_usuario, id_unidade) VALUES (70, 14);
INSERT INTO ALUNO (id_usuario, id_unidade) VALUES (71, 7);
INSERT INTO ALUNO (id_usuario, id_unidade) VALUES (72, 6);
INSERT INTO ALUNO (id_usuario, id_unidade) VALUES (73, 11);
INSERT INTO ALUNO (id_usuario, id_unidade) VALUES (74, 17);
INSERT INTO ALUNO (id_usuario, id_unidade) VALUES (75, 14);
INSERT INTO ALUNO (id_usuario, id_unidade) VALUES (76, 6);
INSERT INTO ALUNO (id_usuario, id_unidade) VALUES (77, 2);
INSERT INTO ALUNO (id_usuario, id_unidade) VALUES (78, 6);
INSERT INTO ALUNO (id_usuario, id_unidade) VALUES (79, 5);
INSERT INTO ALUNO (id_usuario, id_unidade) VALUES (80, 15);
INSERT INTO ALUNO (id_usuario, id_unidade) VALUES (81, 11);
INSERT INTO ALUNO (id_usuario, id_unidade) VALUES (82, 20);
INSERT INTO ALUNO (id_usuario, id_unidade) VALUES (83, 8);
INSERT INTO ALUNO (id_usuario, id_unidade) VALUES (84, 11);
INSERT INTO ALUNO (id_usuario, id_unidade) VALUES (85, 20);
INSERT INTO ALUNO (id_usuario, id_unidade) VALUES (86, 11);
INSERT INTO ALUNO (id_usuario, id_unidade) VALUES (87, 10);
INSERT INTO ALUNO (id_usuario, id_unidade) VALUES (88, 3);
INSERT INTO ALUNO (id_usuario, id_unidade) VALUES (89, 1);
INSERT INTO ALUNO (id_usuario, id_unidade) VALUES (90, 19);
INSERT INTO OFERTA_DISCIPLINA (id, id_disciplina, periodo, sala, capacidade, id_unidade, id_professor) VALUES (1, 18, '2025.1', 'Lab-47', 39, 6, 29);
INSERT INTO OFERTA_DISCIPLINA (id, id_disciplina, periodo, sala, capacidade, id_unidade, id_professor) VALUES (2, 18, '2024.1', 'Lab-19', 48, 12, 20);
INSERT INTO OFERTA_DISCIPLINA (id, id_disciplina, periodo, sala, capacidade, id_unidade, id_professor) VALUES (3, 5, '2024.2', 'Lab-31', 24, 20, 24);
INSERT INTO OFERTA_DISCIPLINA (id, id_disciplina, periodo, sala, capacidade, id_unidade, id_professor) VALUES (4, 26, '2024.2', 'Lab-36', 33, 19, 18);
INSERT INTO OFERTA_DISCIPLINA (id, id_disciplina, periodo, sala, capacidade, id_unidade, id_professor) VALUES (5, 1, '2024.2', 'Lab-47', 54, 20, 20);
INSERT INTO OFERTA_DISCIPLINA (id, id_disciplina, periodo, sala, capacidade, id_unidade, id_professor) VALUES (6, 28, '2024.2', 'Lab-15', 60, 20, 11);
INSERT INTO OFERTA_DISCIPLINA (id, id_disciplina, periodo, sala, capacidade, id_unidade, id_professor) VALUES (7, 17, '2024.1', 'Lab-26', 33, 18, 22);
INSERT INTO OFERTA_DISCIPLINA (id, id_disciplina, periodo, sala, capacidade, id_unidade, id_professor) VALUES (8, 9, '2024.1', 'Lab-24', 40, 14, 25);
INSERT INTO OFERTA_DISCIPLINA (id, id_disciplina, periodo, sala, capacidade, id_unidade, id_professor) VALUES (9, 10, '2024.1', 'Lab-21', 39, 13, 19);
INSERT INTO OFERTA_DISCIPLINA (id, id_disciplina, periodo, sala, capacidade, id_unidade, id_professor) VALUES (10, 1, '2024.1', 'Lab-5', 48, 11, 21);
INSERT INTO OFERTA_DISCIPLINA (id, id_disciplina, periodo, sala, capacidade, id_unidade, id_professor) VALUES (11, 22, '2024.2', 'Lab-5', 51, 18, 27);
INSERT INTO OFERTA_DISCIPLINA (id, id_disciplina, periodo, sala, capacidade, id_unidade, id_professor) VALUES (12, 27, '2024.1', 'Lab-20', 27, 7, 19);
INSERT INTO OFERTA_DISCIPLINA (id, id_disciplina, periodo, sala, capacidade, id_unidade, id_professor) VALUES (13, 32, '2024.1', 'Lab-21', 34, 14, 22);
INSERT INTO OFERTA_DISCIPLINA (id, id_disciplina, periodo, sala, capacidade, id_unidade, id_professor) VALUES (14, 7, '2025.1', 'Lab-38', 28, 3, 29);
INSERT INTO OFERTA_DISCIPLINA (id, id_disciplina, periodo, sala, capacidade, id_unidade, id_professor) VALUES (15, 23, '2024.2', 'Lab-49', 50, 3, 28);
INSERT INTO OFERTA_DISCIPLINA (id, id_disciplina, periodo, sala, capacidade, id_unidade, id_professor) VALUES (16, 19, '2024.1', 'Lab-24', 50, 13, 14);
INSERT INTO OFERTA_DISCIPLINA (id, id_disciplina, periodo, sala, capacidade, id_unidade, id_professor) VALUES (17, 28, '2025.1', 'Lab-45', 37, 13, 22);
INSERT INTO OFERTA_DISCIPLINA (id, id_disciplina, periodo, sala, capacidade, id_unidade, id_professor) VALUES (18, 12, '2025.1', 'Lab-15', 56, 12, 12);
INSERT INTO OFERTA_DISCIPLINA (id, id_disciplina, periodo, sala, capacidade, id_unidade, id_professor) VALUES (19, 7, '2024.2', 'Lab-14', 22, 7, 24);
INSERT INTO OFERTA_DISCIPLINA (id, id_disciplina, periodo, sala, capacidade, id_unidade, id_professor) VALUES (20, 12, '2024.1', 'Lab-23', 40, 8, 14);
INSERT INTO OFERTA_DISCIPLINA (id, id_disciplina, periodo, sala, capacidade, id_unidade, id_professor) VALUES (21, 18, '2025.1', 'Lab-4', 59, 2, 30);
INSERT INTO OFERTA_DISCIPLINA (id, id_disciplina, periodo, sala, capacidade, id_unidade, id_professor) VALUES (22, 8, '2025.1', 'Lab-6', 51, 16, 11);
INSERT INTO OFERTA_DISCIPLINA (id, id_disciplina, periodo, sala, capacidade, id_unidade, id_professor) VALUES (23, 33, '2024.1', 'Lab-33', 58, 18, 19);
INSERT INTO OFERTA_DISCIPLINA (id, id_disciplina, periodo, sala, capacidade, id_unidade, id_professor) VALUES (24, 14, '2025.1', 'Lab-25', 60, 20, 15);
INSERT INTO OFERTA_DISCIPLINA (id, id_disciplina, periodo, sala, capacidade, id_unidade, id_professor) VALUES (25, 23, '2024.1', 'Lab-35', 42, 11, 18);
INSERT INTO OFERTA_DISCIPLINA (id, id_disciplina, periodo, sala, capacidade, id_unidade, id_professor) VALUES (26, 11, '2024.2', 'Lab-46', 56, 15, 16);
INSERT INTO OFERTA_DISCIPLINA (id, id_disciplina, periodo, sala, capacidade, id_unidade, id_professor) VALUES (27, 6, '2024.1', 'Lab-27', 58, 5, 13);
INSERT INTO OFERTA_DISCIPLINA (id, id_disciplina, periodo, sala, capacidade, id_unidade, id_professor) VALUES (28, 23, '2025.1', 'Lab-49', 52, 15, 21);
INSERT INTO OFERTA_DISCIPLINA (id, id_disciplina, periodo, sala, capacidade, id_unidade, id_professor) VALUES (29, 27, '2024.1', 'Lab-46', 28, 4, 20);
INSERT INTO OFERTA_DISCIPLINA (id, id_disciplina, periodo, sala, capacidade, id_unidade, id_professor) VALUES (30, 19, '2025.1', 'Lab-33', 54, 6, 24);
INSERT INTO OFERTA_DISCIPLINA (id, id_disciplina, periodo, sala, capacidade, id_unidade, id_professor) VALUES (31, 11, '2024.2', 'Lab-10', 48, 10, 26);
INSERT INTO OFERTA_DISCIPLINA (id, id_disciplina, periodo, sala, capacidade, id_unidade, id_professor) VALUES (32, 2, '2024.2', 'Lab-3', 23, 9, 20);
INSERT INTO MATRICULA (id_matricula, id_aluno, id_oferta, data_matricula, status, nota, bolsa, desconto, confirmada, data_limite_cancelamento, valor_taxa, status_pagamento) VALUES (1, 69, 14, '2025-02-27', 'ativa', 4.0, FALSE, 4.29, TRUE, '2025-04-13', 445.71, 'pago');
INSERT INTO MATRICULA (id_matricula, id_aluno, id_oferta, data_matricula, status, nota, bolsa, desconto, confirmada, data_limite_cancelamento, valor_taxa, status_pagamento) VALUES (2, 68, 21, '2024-10-06', 'ativa', 0.38, TRUE, 9.09, TRUE, '2024-11-20', 1103.95, 'pago');
INSERT INTO MATRICULA (id_matricula, id_aluno, id_oferta, data_matricula, status, nota, bolsa, desconto, confirmada, data_limite_cancelamento, valor_taxa, status_pagamento) VALUES (3, 79, 15, '2025-06-04', 'ativa', 0.61, FALSE, 22.63, TRUE, '2025-07-19', 500.72, 'pago');
INSERT INTO MATRICULA (id_matricula, id_aluno, id_oferta, data_matricula, status, nota, bolsa, desconto, confirmada, data_limite_cancelamento, valor_taxa, status_pagamento) VALUES (4, 46, 23, '2024-10-03', 'ativa', 9.97, FALSE, 21.01, TRUE, '2024-11-17', 297.66, 'pago');
INSERT INTO MATRICULA (id_matricula, id_aluno, id_oferta, data_matricula, status, nota, bolsa, desconto, confirmada, data_limite_cancelamento, valor_taxa, status_pagamento) VALUES (5, 72, 17, '2024-07-31', 'ativa', 5.36, FALSE, 26.61, TRUE, '2024-09-14', 555.13, 'pago');
INSERT INTO MATRICULA (id_matricula, id_aluno, id_oferta, data_matricula, status, nota, bolsa, desconto, confirmada, data_limite_cancelamento, valor_taxa, status_pagamento) VALUES (6, 80, 29, '2024-11-06', 'ativa', 4.02, FALSE, 26.19, TRUE, '2024-12-21', 1229.01, 'pago');
INSERT INTO MATRICULA (id_matricula, id_aluno, id_oferta, data_matricula, status, nota, bolsa, desconto, confirmada, data_limite_cancelamento, valor_taxa, status_pagamento) VALUES (7, 47, 9, '2024-07-07', 'ativa', 4.48, FALSE, 42.69, TRUE, '2024-08-21', 561.53, 'pago');
INSERT INTO MATRICULA (id_matricula, id_aluno, id_oferta, data_matricula, status, nota, bolsa, desconto, confirmada, data_limite_cancelamento, valor_taxa, status_pagamento) VALUES (8, 72, 11, '2024-07-14', 'ativa', 0.44, FALSE, 28.87, TRUE, '2024-08-28', 884.29, 'pago');
INSERT INTO MATRICULA (id_matricula, id_aluno, id_oferta, data_matricula, status, nota, bolsa, desconto, confirmada, data_limite_cancelamento, valor_taxa, status_pagamento) VALUES (9, 71, 25, '2024-07-22', 'ativa', 7.46, TRUE, 11.08, TRUE, '2024-09-05', 284.81, 'pago');
INSERT INTO MATRICULA (id_matricula, id_aluno, id_oferta, data_matricula, status, nota, bolsa, desconto, confirmada, data_limite_cancelamento, valor_taxa, status_pagamento) VALUES (10, 41, 19, '2025-05-19', 'ativa', 5.47, FALSE, 36.15, TRUE, '2025-07-03', 562.78, 'pago');
INSERT INTO MATRICULA (id_matricula, id_aluno, id_oferta, data_matricula, status, nota, bolsa, desconto, confirmada, data_limite_cancelamento, valor_taxa, status_pagamento) VALUES (11, 72, 6, '2024-11-17', 'ativa', 2.5, FALSE, 29.66, TRUE, '2025-01-01', 635.58, 'pago');
INSERT INTO MATRICULA (id_matricula, id_aluno, id_oferta, data_matricula, status, nota, bolsa, desconto, confirmada, data_limite_cancelamento, valor_taxa, status_pagamento) VALUES (12, 56, 26, '2025-03-31', 'ativa', 5.52, FALSE, 48.46, TRUE, '2025-05-15', 404.76, 'pago');
INSERT INTO MATRICULA (id_matricula, id_aluno, id_oferta, data_matricula, status, nota, bolsa, desconto, confirmada, data_limite_cancelamento, valor_taxa, status_pagamento) VALUES (13, 77, 19, '2024-11-09', 'ativa', 2.88, TRUE, 6.61, TRUE, '2024-12-24', 696.27, 'pago');
INSERT INTO MATRICULA (id_matricula, id_aluno, id_oferta, data_matricula, status, nota, bolsa, desconto, confirmada, data_limite_cancelamento, valor_taxa, status_pagamento) VALUES (14, 74, 28, '2025-05-16', 'ativa', 3.15, FALSE, 44.88, TRUE, '2025-06-30', 661.5, 'pago');
INSERT INTO MATRICULA (id_matricula, id_aluno, id_oferta, data_matricula, status, nota, bolsa, desconto, confirmada, data_limite_cancelamento, valor_taxa, status_pagamento) VALUES (15, 59, 22, '2025-06-17', 'ativa', 9.9, FALSE, 43.55, TRUE, '2025-08-01', 547.71, 'pago');
INSERT INTO MATRICULA (id_matricula, id_aluno, id_oferta, data_matricula, status, nota, bolsa, desconto, confirmada, data_limite_cancelamento, valor_taxa, status_pagamento) VALUES (16, 58, 30, '2024-06-26', 'ativa', 7.8, TRUE, 23.87, TRUE, '2024-08-10', 628.19, 'pago');
INSERT INTO MATRICULA (id_matricula, id_aluno, id_oferta, data_matricula, status, nota, bolsa, desconto, confirmada, data_limite_cancelamento, valor_taxa, status_pagamento) VALUES (17, 81, 6, '2024-08-10', 'ativa', 1.62, FALSE, 43.05, TRUE, '2024-09-24', 1283.05, 'pago');
INSERT INTO MATRICULA (id_matricula, id_aluno, id_oferta, data_matricula, status, nota, bolsa, desconto, confirmada, data_limite_cancelamento, valor_taxa, status_pagamento) VALUES (18, 86, 2, '2024-11-10', 'ativa', 9.68, TRUE, 10.91, TRUE, '2024-12-25', 1165.6, 'pago');
INSERT INTO MATRICULA (id_matricula, id_aluno, id_oferta, data_matricula, status, nota, bolsa, desconto, confirmada, data_limite_cancelamento, valor_taxa, status_pagamento) VALUES (19, 70, 25, '2025-04-27', 'ativa', 0.4, TRUE, 27.99, TRUE, '2025-06-11', 307.36, 'pago');
INSERT INTO MATRICULA (id_matricula, id_aluno, id_oferta, data_matricula, status, nota, bolsa, desconto, confirmada, data_limite_cancelamento, valor_taxa, status_pagamento) VALUES (20, 36, 7, '2024-12-25', 'ativa', 3.49, TRUE, 40.55, TRUE, '2025-02-08', 1137.58, 'pago');
INSERT INTO MATRICULA (id_matricula, id_aluno, id_oferta, data_matricula, status, nota, bolsa, desconto, confirmada, data_limite_cancelamento, valor_taxa, status_pagamento) VALUES (21, 76, 30, '2025-05-17', 'ativa', 7.22, FALSE, 24.87, TRUE, '2025-07-01', 639.41, 'pago');
INSERT INTO MATRICULA (id_matricula, id_aluno, id_oferta, data_matricula, status, nota, bolsa, desconto, confirmada, data_limite_cancelamento, valor_taxa, status_pagamento) VALUES (22, 88, 8, '2025-01-05', 'ativa', 5.21, TRUE, 3.41, TRUE, '2025-02-19', 1172.97, 'pago');
INSERT INTO MATRICULA (id_matricula, id_aluno, id_oferta, data_matricula, status, nota, bolsa, desconto, confirmada, data_limite_cancelamento, valor_taxa, status_pagamento) VALUES (23, 45, 10, '2024-09-20', 'ativa', 3.86, TRUE, 23.95, TRUE, '2024-11-04', 278.75, 'pago');
INSERT INTO MATRICULA (id_matricula, id_aluno, id_oferta, data_matricula, status, nota, bolsa, desconto, confirmada, data_limite_cancelamento, valor_taxa, status_pagamento) VALUES (24, 74, 19, '2024-12-13', 'ativa', 6.64, FALSE, 14.44, TRUE, '2025-01-27', 1210.02, 'pago');
INSERT INTO MATRICULA (id_matricula, id_aluno, id_oferta, data_matricula, status, nota, bolsa, desconto, confirmada, data_limite_cancelamento, valor_taxa, status_pagamento) VALUES (25, 54, 22, '2024-12-06', 'ativa', 4.8, FALSE, 36.16, TRUE, '2025-01-20', 1256.84, 'pago');
INSERT INTO MATRICULA (id_matricula, id_aluno, id_oferta, data_matricula, status, nota, bolsa, desconto, confirmada, data_limite_cancelamento, valor_taxa, status_pagamento) VALUES (26, 86, 10, '2025-06-01', 'ativa', 0.89, TRUE, 19.95, TRUE, '2025-07-16', 1172.09, 'pago');
INSERT INTO MATRICULA (id_matricula, id_aluno, id_oferta, data_matricula, status, nota, bolsa, desconto, confirmada, data_limite_cancelamento, valor_taxa, status_pagamento) VALUES (27, 73, 2, '2024-08-31', 'ativa', 6.31, FALSE, 45.08, TRUE, '2024-10-15', 660.27, 'pago');
INSERT INTO MATRICULA (id_matricula, id_aluno, id_oferta, data_matricula, status, nota, bolsa, desconto, confirmada, data_limite_cancelamento, valor_taxa, status_pagamento) VALUES (28, 60, 11, '2024-09-19', 'ativa', 4.27, FALSE, 1.02, TRUE, '2024-11-03', 530.24, 'pago');
INSERT INTO MATRICULA (id_matricula, id_aluno, id_oferta, data_matricula, status, nota, bolsa, desconto, confirmada, data_limite_cancelamento, valor_taxa, status_pagamento) VALUES (29, 79, 16, '2024-11-18', 'ativa', 7.88, TRUE, 41.53, TRUE, '2025-01-02', 433.24, 'pago');
INSERT INTO MATRICULA (id_matricula, id_aluno, id_oferta, data_matricula, status, nota, bolsa, desconto, confirmada, data_limite_cancelamento, valor_taxa, status_pagamento) VALUES (30, 49, 12, '2024-09-23', 'ativa', 7.64, TRUE, 17.06, TRUE, '2024-11-07', 984.0, 'pago');
INSERT INTO MATRICULA (id_matricula, id_aluno, id_oferta, data_matricula, status, nota, bolsa, desconto, confirmada, data_limite_cancelamento, valor_taxa, status_pagamento) VALUES (31, 68, 27, '2025-04-21', 'ativa', 2.31, TRUE, 21.69, TRUE, '2025-06-05', 517.56, 'pago');
INSERT INTO MATRICULA (id_matricula, id_aluno, id_oferta, data_matricula, status, nota, bolsa, desconto, confirmada, data_limite_cancelamento, valor_taxa, status_pagamento) VALUES (32, 57, 30, '2024-09-10', 'ativa', 3.64, FALSE, 14.97, TRUE, '2024-10-25', 300.19, 'pago');
INSERT INTO MATRICULA (id_matricula, id_aluno, id_oferta, data_matricula, status, nota, bolsa, desconto, confirmada, data_limite_cancelamento, valor_taxa, status_pagamento) VALUES (33, 79, 15, '2024-10-30', 'ativa', 7.37, TRUE, 0.07, TRUE, '2024-12-14', 1031.14, 'pago');
INSERT INTO MATRICULA (id_matricula, id_aluno, id_oferta, data_matricula, status, nota, bolsa, desconto, confirmada, data_limite_cancelamento, valor_taxa, status_pagamento) VALUES (34, 68, 28, '2025-05-03', 'ativa', 5.17, FALSE, 32.03, TRUE, '2025-06-17', 356.79, 'pago');
INSERT INTO MATRICULA (id_matricula, id_aluno, id_oferta, data_matricula, status, nota, bolsa, desconto, confirmada, data_limite_cancelamento, valor_taxa, status_pagamento) VALUES (35, 63, 27, '2025-03-16', 'ativa', 5.17, FALSE, 29.5, TRUE, '2025-04-30', 931.11, 'pago');
INSERT INTO MATRICULA (id_matricula, id_aluno, id_oferta, data_matricula, status, nota, bolsa, desconto, confirmada, data_limite_cancelamento, valor_taxa, status_pagamento) VALUES (36, 90, 19, '2024-12-11', 'ativa', 0.41, TRUE, 46.2, TRUE, '2025-01-25', 1457.32, 'pago');
INSERT INTO MATRICULA (id_matricula, id_aluno, id_oferta, data_matricula, status, nota, bolsa, desconto, confirmada, data_limite_cancelamento, valor_taxa, status_pagamento) VALUES (37, 55, 10, '2024-11-05', 'ativa', 7.8, TRUE, 4.17, TRUE, '2024-12-20', 1416.74, 'pago');
INSERT INTO MATRICULA (id_matricula, id_aluno, id_oferta, data_matricula, status, nota, bolsa, desconto, confirmada, data_limite_cancelamento, valor_taxa, status_pagamento) VALUES (38, 81, 9, '2025-03-29', 'ativa', 6.85, TRUE, 0.13, TRUE, '2025-05-13', 207.11, 'pago');
INSERT INTO MATRICULA (id_matricula, id_aluno, id_oferta, data_matricula, status, nota, bolsa, desconto, confirmada, data_limite_cancelamento, valor_taxa, status_pagamento) VALUES (39, 56, 14, '2025-06-21', 'ativa', 4.15, FALSE, 24.54, TRUE, '2025-08-05', 803.53, 'pago');
INSERT INTO MATRICULA (id_matricula, id_aluno, id_oferta, data_matricula, status, nota, bolsa, desconto, confirmada, data_limite_cancelamento, valor_taxa, status_pagamento) VALUES (40, 85, 32, '2025-05-10', 'ativa', 7.5, TRUE, 35.77, TRUE, '2025-06-24', 288.82, 'pago');
INSERT INTO MATRICULA (id_matricula, id_aluno, id_oferta, data_matricula, status, nota, bolsa, desconto, confirmada, data_limite_cancelamento, valor_taxa, status_pagamento) VALUES (41, 88, 14, '2024-08-01', 'ativa', 8.24, TRUE, 41.74, TRUE, '2024-09-15', 1071.14, 'pago');
INSERT INTO MATRICULA (id_matricula, id_aluno, id_oferta, data_matricula, status, nota, bolsa, desconto, confirmada, data_limite_cancelamento, valor_taxa, status_pagamento) VALUES (42, 48, 7, '2024-12-09', 'ativa', 0.79, TRUE, 15.39, TRUE, '2025-01-23', 425.34, 'pago');
INSERT INTO MATRICULA (id_matricula, id_aluno, id_oferta, data_matricula, status, nota, bolsa, desconto, confirmada, data_limite_cancelamento, valor_taxa, status_pagamento) VALUES (43, 72, 8, '2025-05-11', 'ativa', 2.37, TRUE, 24.21, TRUE, '2025-06-25', 795.14, 'pago');
INSERT INTO MATRICULA (id_matricula, id_aluno, id_oferta, data_matricula, status, nota, bolsa, desconto, confirmada, data_limite_cancelamento, valor_taxa, status_pagamento) VALUES (44, 53, 23, '2024-07-06', 'ativa', 6.11, FALSE, 17.92, TRUE, '2024-08-20', 921.41, 'pago');
INSERT INTO MENSAGEM (id_mensagem, remetente_id, timestamp, texto) VALUES (1, 15, '2023-05-30 06:37:57.817847', 'verifique o token no Git');
INSERT INTO E_DESTINADA_A (id_mensagem, id_destinatario) VALUES (1, 78);
INSERT INTO MENSAGEM (id_mensagem, remetente_id, timestamp, texto) VALUES (2, 44, '2025-01-27 02:18:37.767435', 'houve vazamento no cluster');
INSERT INTO E_DESTINADA_A (id_mensagem, id_destinatario) VALUES (2, 1);
INSERT INTO MENSAGEM (id_mensagem, remetente_id, timestamp, texto) VALUES (3, 7, '2021-01-17 01:46:21.640229', 'suba os logs no S3');
INSERT INTO E_DESTINADA_A (id_mensagem, id_destinatario) VALUES (3, 13);
INSERT INTO MENSAGEM (id_mensagem, remetente_id, timestamp, texto) VALUES (4, 63, '2023-09-07 06:51:46.245388', 'acesso negado ao proxy zeta');
INSERT INTO E_DESTINADA_A (id_mensagem, id_destinatario) VALUES (4, 33);
INSERT INTO MENSAGEM (id_mensagem, remetente_id, timestamp, texto) VALUES (5, 74, '2024-04-25 16:03:44.473333', 'encontro no lab às 13h');
INSERT INTO E_DESTINADA_A (id_mensagem, id_destinatario) VALUES (5, 41);
INSERT INTO MENSAGEM (id_mensagem, remetente_id, timestamp, texto) VALUES (6, 28, '2020-03-09 22:06:47.436663', 'verifique o token no Git');
INSERT INTO E_DESTINADA_A (id_mensagem, id_destinatario) VALUES (6, 95);
INSERT INTO MENSAGEM (id_mensagem, remetente_id, timestamp, texto) VALUES (7, 100, '2025-02-27 12:27:15.766638', 'suba os logs no S3');
INSERT INTO E_DESTINADA_A (id_mensagem, id_destinatario) VALUES (7, 60);
INSERT INTO MENSAGEM (id_mensagem, remetente_id, timestamp, texto) VALUES (8, 56, '2021-08-27 15:09:18.189914', 'não compartilhe a senha root');
INSERT INTO E_DESTINADA_A (id_mensagem, id_destinatario) VALUES (8, 35);
INSERT INTO MENSAGEM (id_mensagem, remetente_id, timestamp, texto) VALUES (9, 43, '2020-09-24 21:28:33.223264', 'verifique o token no Git');
INSERT INTO E_DESTINADA_A (id_mensagem, id_destinatario) VALUES (9, 48);
INSERT INTO MENSAGEM (id_mensagem, remetente_id, timestamp, texto) VALUES (10, 62, '2022-06-24 04:01:24.309106', 'houve vazamento no cluster');
INSERT INTO E_DESTINADA_A (id_mensagem, id_destinatario) VALUES (10, 64);
INSERT INTO MENSAGEM (id_mensagem, remetente_id, timestamp, texto) VALUES (11, 20, '2023-11-03 06:02:24.953068', 'acesso negado ao proxy zeta');
INSERT INTO E_DESTINADA_A (id_mensagem, id_destinatario) VALUES (11, 54);
INSERT INTO MENSAGEM (id_mensagem, remetente_id, timestamp, texto) VALUES (12, 31, '2021-04-10 17:02:32.703986', 'acesso negado ao proxy zeta');
INSERT INTO E_DESTINADA_A (id_mensagem, id_destinatario) VALUES (12, 71);
INSERT INTO MENSAGEM (id_mensagem, remetente_id, timestamp, texto) VALUES (13, 78, '2024-02-07 13:24:16.381229', 'houve vazamento no cluster');
INSERT INTO E_DESTINADA_A (id_mensagem, id_destinatario) VALUES (13, 85);
INSERT INTO MENSAGEM (id_mensagem, remetente_id, timestamp, texto) VALUES (14, 81, '2022-07-07 20:32:32.378176', 'verifique o token no Git');
INSERT INTO E_DESTINADA_A (id_mensagem, id_destinatario) VALUES (14, 47);
INSERT INTO MENSAGEM (id_mensagem, remetente_id, timestamp, texto) VALUES (15, 87, '2022-07-18 05:43:03.263781', 'verifique o token no Git');
INSERT INTO E_DESTINADA_A (id_mensagem, id_destinatario) VALUES (15, 100);
INSERT INTO MENSAGEM (id_mensagem, remetente_id, timestamp, texto) VALUES (16, 84, '2022-02-23 14:28:38.815431', 'acesso negado ao proxy zeta');
INSERT INTO E_DESTINADA_A (id_mensagem, id_destinatario) VALUES (16, 14);
INSERT INTO MENSAGEM (id_mensagem, remetente_id, timestamp, texto) VALUES (17, 69, '2020-02-22 04:36:42.140467', 'acesso negado ao proxy zeta');
INSERT INTO E_DESTINADA_A (id_mensagem, id_destinatario) VALUES (17, 53);
INSERT INTO MENSAGEM (id_mensagem, remetente_id, timestamp, texto) VALUES (18, 27, '2024-12-18 15:49:15.636401', 'não compartilhe a senha root');
INSERT INTO E_DESTINADA_A (id_mensagem, id_destinatario) VALUES (18, 70);
INSERT INTO MENSAGEM (id_mensagem, remetente_id, timestamp, texto) VALUES (19, 30, '2022-03-02 06:15:34.550919', 'suba os logs no S3');
INSERT INTO E_DESTINADA_A (id_mensagem, id_destinatario) VALUES (19, 66);
INSERT INTO MENSAGEM (id_mensagem, remetente_id, timestamp, texto) VALUES (20, 52, '2020-02-22 08:14:31.317507', 'acesso negado ao proxy zeta');
INSERT INTO E_DESTINADA_A (id_mensagem, id_destinatario) VALUES (20, 60);
INSERT INTO MENSAGEM (id_mensagem, remetente_id, timestamp, texto) VALUES (21, 40, '2021-05-31 23:12:26.969847', 'acesso negado ao proxy zeta');
INSERT INTO E_DESTINADA_A (id_mensagem, id_destinatario) VALUES (21, 100);
INSERT INTO MENSAGEM (id_mensagem, remetente_id, timestamp, texto) VALUES (22, 43, '2022-06-12 05:37:35.785087', 'suba os logs no S3');
INSERT INTO E_DESTINADA_A (id_mensagem, id_destinatario) VALUES (22, 89);
INSERT INTO MENSAGEM (id_mensagem, remetente_id, timestamp, texto) VALUES (23, 72, '2022-07-04 03:32:15.585684', 'suba os logs no S3');
INSERT INTO E_DESTINADA_A (id_mensagem, id_destinatario) VALUES (23, 64);
INSERT INTO MENSAGEM (id_mensagem, remetente_id, timestamp, texto) VALUES (24, 15, '2024-09-10 19:51:18.109629', 'acesso negado ao proxy zeta');
INSERT INTO E_DESTINADA_A (id_mensagem, id_destinatario) VALUES (24, 65);
INSERT INTO MENSAGEM (id_mensagem, remetente_id, timestamp, texto) VALUES (25, 18, '2025-02-05 03:50:10.310850', 'verifique o token no Git');
INSERT INTO E_DESTINADA_A (id_mensagem, id_destinatario) VALUES (25, 57);
INSERT INTO MENSAGEM (id_mensagem, remetente_id, timestamp, texto) VALUES (26, 28, '2020-01-08 01:09:21.303295', 'houve vazamento no cluster');
INSERT INTO E_DESTINADA_A (id_mensagem, id_destinatario) VALUES (26, 16);
INSERT INTO MENSAGEM (id_mensagem, remetente_id, timestamp, texto) VALUES (27, 52, '2023-11-15 11:26:39.804977', 'acesso negado ao proxy zeta');
INSERT INTO E_DESTINADA_A (id_mensagem, id_destinatario) VALUES (27, 51);
INSERT INTO MENSAGEM (id_mensagem, remetente_id, timestamp, texto) VALUES (28, 51, '2020-04-13 17:39:17.849346', 'houve vazamento no cluster');
INSERT INTO E_DESTINADA_A (id_mensagem, id_destinatario) VALUES (28, 81);
INSERT INTO MENSAGEM (id_mensagem, remetente_id, timestamp, texto) VALUES (29, 45, '2025-03-22 00:35:26.125087', 'houve vazamento no cluster');
INSERT INTO E_DESTINADA_A (id_mensagem, id_destinatario) VALUES (29, 21);
INSERT INTO MENSAGEM (id_mensagem, remetente_id, timestamp, texto) VALUES (30, 4, '2021-06-01 02:27:14.021060', 'encontro no lab às 13h');
INSERT INTO E_DESTINADA_A (id_mensagem, id_destinatario) VALUES (30, 15);
INSERT INTO MENSAGEM (id_mensagem, remetente_id, timestamp, texto) VALUES (31, 7, '2023-04-12 16:24:53.577042', 'encontro no lab às 13h');
INSERT INTO E_DESTINADA_A (id_mensagem, id_destinatario) VALUES (31, 98);
INSERT INTO MENSAGEM (id_mensagem, remetente_id, timestamp, texto) VALUES (32, 32, '2021-04-12 09:19:53.986041', 'encontro no lab às 13h');
INSERT INTO E_DESTINADA_A (id_mensagem, id_destinatario) VALUES (32, 23);
INSERT INTO MENSAGEM (id_mensagem, remetente_id, timestamp, texto) VALUES (33, 98, '2022-04-25 06:13:25.883337', 'acesso negado ao proxy zeta');
INSERT INTO E_DESTINADA_A (id_mensagem, id_destinatario) VALUES (33, 8);
INSERT INTO MENSAGEM (id_mensagem, remetente_id, timestamp, texto) VALUES (34, 96, '2022-11-12 08:14:15.821728', 'não compartilhe a senha root');
INSERT INTO E_DESTINADA_A (id_mensagem, id_destinatario) VALUES (34, 86);
INSERT INTO MENSAGEM (id_mensagem, remetente_id, timestamp, texto) VALUES (35, 70, '2024-05-15 13:35:56.764405', 'encontro no lab às 13h');
INSERT INTO E_DESTINADA_A (id_mensagem, id_destinatario) VALUES (35, 42);
INSERT INTO INFRASTRUTURA_NECESSARIA (id, tipo) VALUES (1, 'Cluster GPU');
INSERT INTO INFRASTRUTURA_NECESSARIA (id, tipo) VALUES (2, 'Servidor');
INSERT INTO INFRASTRUTURA_NECESSARIA (id, tipo) VALUES (3, 'Ambiente Isolado');
INSERT INTO INFRASTRUTURA_NECESSARIA (id, tipo) VALUES (4, 'Cluster GPU');
INSERT INTO INFRASTRUTURA_NECESSARIA (id, tipo) VALUES (5, 'Switch Óptico');
INSERT INTO INFRASTRUTURA_NECESSARIA (id, tipo) VALUES (6, 'Servidor');
INSERT INTO INFRASTRUTURA_NECESSARIA (id, tipo) VALUES (7, 'Ambiente Isolado');
INSERT INTO INFRASTRUTURA_NECESSARIA (id, tipo) VALUES (8, 'Terminal Segurado');
INSERT INTO INFRASTRUTURA_NECESSARIA (id, tipo) VALUES (9, 'Terminal Segurado');
INSERT INTO INFRASTRUTURA_NECESSARIA (id, tipo) VALUES (10, 'Terminal Segurado');
INSERT INTO INFRASTRUTURA_NECESSARIA (id, tipo) VALUES (11, 'Cluster GPU');
INSERT INTO INFRASTRUTURA_NECESSARIA (id, tipo) VALUES (12, 'Cluster GPU');
INSERT INTO INFRASTRUTURA_NECESSARIA (id, tipo) VALUES (13, 'Ambiente Isolado');
INSERT INTO INFRASTRUTURA_NECESSARIA (id, tipo) VALUES (14, 'Servidor');
INSERT INTO INFRASTRUTURA_NECESSARIA (id, tipo) VALUES (15, 'Ambiente Isolado');
INSERT INTO INFRASTRUTURA_NECESSARIA (id, tipo) VALUES (16, 'Switch Óptico');
INSERT INTO INFRASTRUTURA_NECESSARIA (id, tipo) VALUES (17, 'Terminal Segurado');
INSERT INTO INFRASTRUTURA_NECESSARIA (id, tipo) VALUES (18, 'Cluster GPU');
INSERT INTO INFRASTRUTURA_NECESSARIA (id, tipo) VALUES (19, 'Servidor');
INSERT INTO INFRASTRUTURA_NECESSARIA (id, tipo) VALUES (20, 'Cluster GPU');
INSERT INTO INFRASTRUTURA_NECESSARIA (id, tipo) VALUES (21, 'Ambiente Isolado');
INSERT INTO INFRASTRUTURA_NECESSARIA (id, tipo) VALUES (22, 'Terminal Segurado');
INSERT INTO INFRASTRUTURA_NECESSARIA (id, tipo) VALUES (23, 'Servidor');
INSERT INTO INFRASTRUTURA_NECESSARIA (id, tipo) VALUES (24, 'Switch Óptico');
INSERT INTO AVALIACAO (id, id_aluno, id_disciplina, id_professor, periodo, comentario, nota_didatica, nota_material, nota_conteudo, nota_infraestrutura) VALUES (1, 85, 26, 13, '2025.1', 'muito bom', 8.52, 8.42, 9.46, 7.82);
INSERT INTO AVALIACAO (id, id_aluno, id_disciplina, id_professor, periodo, comentario, nota_didatica, nota_material, nota_conteudo, nota_infraestrutura) VALUES (2, 35, 11, 29, '2025.1', 'muito bom', 8.80, 7.91, 8.55, 8.63);
INSERT INTO AVALIACAO (id, id_aluno, id_disciplina, id_professor, periodo, comentario, nota_didatica, nota_material, nota_conteudo, nota_infraestrutura) VALUES (3, 64, 26, 11, '2025.1', 'muito bom', 6.28, 6.46, 7.90, 7.13);
INSERT INTO AVALIACAO (id, id_aluno, id_disciplina, id_professor, periodo, comentario, nota_didatica, nota_material, nota_conteudo, nota_infraestrutura) VALUES (4, 37, 12, 24, '2025.1', 'muito bom', 9.96, 9.48, 6.19, 7.63);
INSERT INTO AVALIACAO (id, id_aluno, id_disciplina, id_professor, periodo, comentario, nota_didatica, nota_material, nota_conteudo, nota_infraestrutura) VALUES (5, 48, 17, 22, '2025.1', 'muito bom', 8.12, 8.85, 6.20, 7.04);
INSERT INTO AVALIACAO (id, id_aluno, id_disciplina, id_professor, periodo, comentario, nota_didatica, nota_material, nota_conteudo, nota_infraestrutura) VALUES (6, 37, 10, 12, '2025.1', 'muito bom', 7.58, 9.89, 7.21, 7.09);
INSERT INTO AVALIACAO (id, id_aluno, id_disciplina, id_professor, periodo, comentario, nota_didatica, nota_material, nota_conteudo, nota_infraestrutura) VALUES (7, 85, 27, 23, '2025.1', 'muito bom', 7.89, 9.68, 8.65, 7.08);
INSERT INTO AVALIACAO (id, id_aluno, id_disciplina, id_professor, periodo, comentario, nota_didatica, nota_material, nota_conteudo, nota_infraestrutura) VALUES (8, 69, 33, 18, '2025.1', 'muito bom', 6.69, 6.09, 7.85, 7.49);
INSERT INTO AVALIACAO (id, id_aluno, id_disciplina, id_professor, periodo, comentario, nota_didatica, nota_material, nota_conteudo, nota_infraestrutura) VALUES (9, 79, 27, 29, '2025.1', 'muito bom', 8.28, 7.98, 6.23, 6.65);
INSERT INTO AVALIACAO (id, id_aluno, id_disciplina, id_professor, periodo, comentario, nota_didatica, nota_material, nota_conteudo, nota_infraestrutura) VALUES (10, 44, 28, 15, '2025.1', 'muito bom', 8.29, 6.28, 7.05, 8.02);
INSERT INTO AVALIACAO (id, id_aluno, id_disciplina, id_professor, periodo, comentario, nota_didatica, nota_material, nota_conteudo, nota_infraestrutura) VALUES (11, 75, 19, 22, '2025.1', 'muito bom', 9.37, 9.60, 7.78, 7.65);
INSERT INTO AVALIACAO (id, id_aluno, id_disciplina, id_professor, periodo, comentario, nota_didatica, nota_material, nota_conteudo, nota_infraestrutura) VALUES (12, 34, 5, 21, '2025.1', 'muito bom', 8.27, 9.87, 9.43, 6.70);
INSERT INTO AVALIACAO (id, id_aluno, id_disciplina, id_professor, periodo, comentario, nota_didatica, nota_material, nota_conteudo, nota_infraestrutura) VALUES (13, 62, 22, 26, '2025.1', 'muito bom', 6.35, 6.98, 8.25, 8.03);
INSERT INTO AVALIACAO (id, id_aluno, id_disciplina, id_professor, periodo, comentario, nota_didatica, nota_material, nota_conteudo, nota_infraestrutura) VALUES (14, 44, 9, 25, '2025.1', 'muito bom', 9.25, 8.39, 8.19, 6.09);
INSERT INTO AVALIACAO (id, id_aluno, id_disciplina, id_professor, periodo, comentario, nota_didatica, nota_material, nota_conteudo, nota_infraestrutura) VALUES (15, 41, 28, 12, '2025.1', 'muito bom', 8.12, 8.84, 7.37, 8.23);
INSERT INTO AVALIACAO (id, id_aluno, id_disciplina, id_professor, periodo, comentario, nota_didatica, nota_material, nota_conteudo, nota_infraestrutura) VALUES (16, 70, 25, 30, '2025.1', 'muito bom', 6.72, 9.99, 9.55, 9.42);
INSERT INTO AVALIACAO (id, id_aluno, id_disciplina, id_professor, periodo, comentario, nota_didatica, nota_material, nota_conteudo, nota_infraestrutura) VALUES (17, 64, 23, 13, '2025.1', 'muito bom', 8.06, 9.75, 7.89, 9.19);
INSERT INTO AVALIACAO (id, id_aluno, id_disciplina, id_professor, periodo, comentario, nota_didatica, nota_material, nota_conteudo, nota_infraestrutura) VALUES (18, 63, 29, 20, '2025.1', 'muito bom', 9.43, 6.23, 8.37, 8.06);
INSERT INTO AVALIACAO (id, id_aluno, id_disciplina, id_professor, periodo, comentario, nota_didatica, nota_material, nota_conteudo, nota_infraestrutura) VALUES (19, 47, 20, 17, '2025.1', 'muito bom', 9.28, 9.26, 8.01, 6.86);
INSERT INTO AVALIACAO (id, id_aluno, id_disciplina, id_professor, periodo, comentario, nota_didatica, nota_material, nota_conteudo, nota_infraestrutura) VALUES (20, 54, 3, 16, '2025.1', 'muito bom', 7.71, 6.82, 6.05, 7.20);
INSERT INTO AVALIACAO (id, id_aluno, id_disciplina, id_professor, periodo, comentario, nota_didatica, nota_material, nota_conteudo, nota_infraestrutura) VALUES (21, 51, 19, 29, '2025.1', 'muito bom', 6.02, 7.17, 7.98, 8.34);
INSERT INTO AVALIACAO (id, id_aluno, id_disciplina, id_professor, periodo, comentario, nota_didatica, nota_material, nota_conteudo, nota_infraestrutura) VALUES (22, 41, 26, 13, '2025.1', 'muito bom', 9.43, 6.24, 6.45, 6.51);
INSERT INTO AVALIACAO (id, id_aluno, id_disciplina, id_professor, periodo, comentario, nota_didatica, nota_material, nota_conteudo, nota_infraestrutura) VALUES (23, 36, 26, 19, '2025.1', 'muito bom', 6.98, 9.91, 7.27, 6.84);
INSERT INTO OFERECER (id_curso, id_disciplina) VALUES (1005, 17) ON CONFLICT DO NOTHING;
INSERT INTO REQUER_INFRAESTRUTURA (id_curso, id_infraestrutura) VALUES (1005, 2) ON CONFLICT DO NOTHING;
INSERT INTO PRE_REQUISITO (id_disciplina_principal, id_disciplina_requisito) VALUES (17, 4) ON CONFLICT DO NOTHING;
INSERT INTO GERENCIA (id_funcionario, id_oferta_disciplina) VALUES (55, 21) ON CONFLICT DO NOTHING;
INSERT INTO OFERECER (id_curso, id_disciplina) VALUES (1023, 32) ON CONFLICT DO NOTHING;
INSERT INTO REQUER_INFRAESTRUTURA (id_curso, id_infraestrutura) VALUES (1023, 19) ON CONFLICT DO NOTHING;
INSERT INTO PRE_REQUISITO (id_disciplina_principal, id_disciplina_requisito) VALUES (32, 18) ON CONFLICT DO NOTHING;
INSERT INTO GERENCIA (id_funcionario, id_oferta_disciplina) VALUES (52, 32) ON CONFLICT DO NOTHING;
INSERT INTO OFERECER (id_curso, id_disciplina) VALUES (1007, 30) ON CONFLICT DO NOTHING;
INSERT INTO REQUER_INFRAESTRUTURA (id_curso, id_infraestrutura) VALUES (1007, 13) ON CONFLICT DO NOTHING;
INSERT INTO PRE_REQUISITO (id_disciplina_principal, id_disciplina_requisito) VALUES (30, 19) ON CONFLICT DO NOTHING;
INSERT INTO GERENCIA (id_funcionario, id_oferta_disciplina) VALUES (52, 2) ON CONFLICT DO NOTHING;
INSERT INTO OFERECER (id_curso, id_disciplina) VALUES (1025, 2) ON CONFLICT DO NOTHING;
INSERT INTO REQUER_INFRAESTRUTURA (id_curso, id_infraestrutura) VALUES (1025, 17) ON CONFLICT DO NOTHING;
INSERT INTO PRE_REQUISITO (id_disciplina_principal, id_disciplina_requisito) VALUES (2, 25) ON CONFLICT DO NOTHING;
INSERT INTO GERENCIA (id_funcionario, id_oferta_disciplina) VALUES (54, 4) ON CONFLICT DO NOTHING;
INSERT INTO OFERECER (id_curso, id_disciplina) VALUES (1013, 7) ON CONFLICT DO NOTHING;
INSERT INTO REQUER_INFRAESTRUTURA (id_curso, id_infraestrutura) VALUES (1013, 18) ON CONFLICT DO NOTHING;
INSERT INTO PRE_REQUISITO (id_disciplina_principal, id_disciplina_requisito) VALUES (7, 11) ON CONFLICT DO NOTHING;
INSERT INTO GERENCIA (id_funcionario, id_oferta_disciplina) VALUES (54, 7) ON CONFLICT DO NOTHING;
INSERT INTO OFERECER (id_curso, id_disciplina) VALUES (1031, 1) ON CONFLICT DO NOTHING;
INSERT INTO REQUER_INFRAESTRUTURA (id_curso, id_infraestrutura) VALUES (1031, 2) ON CONFLICT DO NOTHING;
INSERT INTO PRE_REQUISITO (id_disciplina_principal, id_disciplina_requisito) VALUES (1, 21) ON CONFLICT DO NOTHING;
INSERT INTO GERENCIA (id_funcionario, id_oferta_disciplina) VALUES (60, 32) ON CONFLICT DO NOTHING;
INSERT INTO OFERECER (id_curso, id_disciplina) VALUES (1002, 4) ON CONFLICT DO NOTHING;
INSERT INTO REQUER_INFRAESTRUTURA (id_curso, id_infraestrutura) VALUES (1002, 10) ON CONFLICT DO NOTHING;
INSERT INTO PRE_REQUISITO (id_disciplina_principal, id_disciplina_requisito) VALUES (4, 2) ON CONFLICT DO NOTHING;
INSERT INTO GERENCIA (id_funcionario, id_oferta_disciplina) VALUES (55, 32) ON CONFLICT DO NOTHING;
INSERT INTO OFERECER (id_curso, id_disciplina) VALUES (1025, 18) ON CONFLICT DO NOTHING;
INSERT INTO REQUER_INFRAESTRUTURA (id_curso, id_infraestrutura) VALUES (1025, 11) ON CONFLICT DO NOTHING;
INSERT INTO PRE_REQUISITO (id_disciplina_principal, id_disciplina_requisito) VALUES (18, 1) ON CONFLICT DO NOTHING;
INSERT INTO GERENCIA (id_funcionario, id_oferta_disciplina) VALUES (59, 6) ON CONFLICT DO NOTHING;
INSERT INTO OFERECER (id_curso, id_disciplina) VALUES (1001, 29) ON CONFLICT DO NOTHING;
INSERT INTO REQUER_INFRAESTRUTURA (id_curso, id_infraestrutura) VALUES (1001, 18) ON CONFLICT DO NOTHING;
INSERT INTO PRE_REQUISITO (id_disciplina_principal, id_disciplina_requisito) VALUES (29, 31) ON CONFLICT DO NOTHING;
INSERT INTO GERENCIA (id_funcionario, id_oferta_disciplina) VALUES (56, 14) ON CONFLICT DO NOTHING;
INSERT INTO OFERECER (id_curso, id_disciplina) VALUES (1021, 21) ON CONFLICT DO NOTHING;
INSERT INTO REQUER_INFRAESTRUTURA (id_curso, id_infraestrutura) VALUES (1021, 10) ON CONFLICT DO NOTHING;
INSERT INTO PRE_REQUISITO (id_disciplina_principal, id_disciplina_requisito) VALUES (21, 7) ON CONFLICT DO NOTHING;
INSERT INTO GERENCIA (id_funcionario, id_oferta_disciplina) VALUES (54, 25) ON CONFLICT DO NOTHING;
INSERT INTO OFERECER (id_curso, id_disciplina) VALUES (1008, 10) ON CONFLICT DO NOTHING;
INSERT INTO REQUER_INFRAESTRUTURA (id_curso, id_infraestrutura) VALUES (1008, 19) ON CONFLICT DO NOTHING;
INSERT INTO PRE_REQUISITO (id_disciplina_principal, id_disciplina_requisito) VALUES (10, 30) ON CONFLICT DO NOTHING;
INSERT INTO GERENCIA (id_funcionario, id_oferta_disciplina) VALUES (58, 19) ON CONFLICT DO NOTHING;
INSERT INTO OFERECER (id_curso, id_disciplina) VALUES (1031, 32) ON CONFLICT DO NOTHING;
INSERT INTO REQUER_INFRAESTRUTURA (id_curso, id_infraestrutura) VALUES (1031, 7) ON CONFLICT DO NOTHING;
INSERT INTO PRE_REQUISITO (id_disciplina_principal, id_disciplina_requisito) VALUES (32, 31) ON CONFLICT DO NOTHING;
INSERT INTO GERENCIA (id_funcionario, id_oferta_disciplina) VALUES (51, 12) ON CONFLICT DO NOTHING;
INSERT INTO OFERECER (id_curso, id_disciplina) VALUES (1008, 19) ON CONFLICT DO NOTHING;
INSERT INTO REQUER_INFRAESTRUTURA (id_curso, id_infraestrutura) VALUES (1008, 8) ON CONFLICT DO NOTHING;
INSERT INTO PRE_REQUISITO (id_disciplina_principal, id_disciplina_requisito) VALUES (19, 10) ON CONFLICT DO NOTHING;
INSERT INTO GERENCIA (id_funcionario, id_oferta_disciplina) VALUES (58, 14) ON CONFLICT DO NOTHING;
INSERT INTO OFERECER (id_curso, id_disciplina) VALUES (1028, 31) ON CONFLICT DO NOTHING;
INSERT INTO REQUER_INFRAESTRUTURA (id_curso, id_infraestrutura) VALUES (1028, 12) ON CONFLICT DO NOTHING;
INSERT INTO PRE_REQUISITO (id_disciplina_principal, id_disciplina_requisito) VALUES (31, 2) ON CONFLICT DO NOTHING;
INSERT INTO GERENCIA (id_funcionario, id_oferta_disciplina) VALUES (51, 12) ON CONFLICT DO NOTHING;
INSERT INTO OFERECER (id_curso, id_disciplina) VALUES (1014, 3) ON CONFLICT DO NOTHING;
INSERT INTO REQUER_INFRAESTRUTURA (id_curso, id_infraestrutura) VALUES (1014, 20) ON CONFLICT DO NOTHING;
INSERT INTO PRE_REQUISITO (id_disciplina_principal, id_disciplina_requisito) VALUES (3, 19) ON CONFLICT DO NOTHING;
INSERT INTO GERENCIA (id_funcionario, id_oferta_disciplina) VALUES (51, 9) ON CONFLICT DO NOTHING;
INSERT INTO OFERECER (id_curso, id_disciplina) VALUES (1032, 23) ON CONFLICT DO NOTHING;
INSERT INTO REQUER_INFRAESTRUTURA (id_curso, id_infraestrutura) VALUES (1032, 11) ON CONFLICT DO NOTHING;
INSERT INTO PRE_REQUISITO (id_disciplina_principal, id_disciplina_requisito) VALUES (23, 10) ON CONFLICT DO NOTHING;
INSERT INTO GERENCIA (id_funcionario, id_oferta_disciplina) VALUES (59, 21) ON CONFLICT DO NOTHING;
INSERT INTO OFERECER (id_curso, id_disciplina) VALUES (1001, 27) ON CONFLICT DO NOTHING;
INSERT INTO REQUER_INFRAESTRUTURA (id_curso, id_infraestrutura) VALUES (1001, 20) ON CONFLICT DO NOTHING;
INSERT INTO PRE_REQUISITO (id_disciplina_principal, id_disciplina_requisito) VALUES (27, 25) ON CONFLICT DO NOTHING;
INSERT INTO GERENCIA (id_funcionario, id_oferta_disciplina) VALUES (51, 15) ON CONFLICT DO NOTHING;
INSERT INTO OFERECER (id_curso, id_disciplina) VALUES (1021, 12) ON CONFLICT DO NOTHING;
INSERT INTO REQUER_INFRAESTRUTURA (id_curso, id_infraestrutura) VALUES (1021, 3) ON CONFLICT DO NOTHING;
INSERT INTO PRE_REQUISITO (id_disciplina_principal, id_disciplina_requisito) VALUES (12, 5) ON CONFLICT DO NOTHING;
INSERT INTO GERENCIA (id_funcionario, id_oferta_disciplina) VALUES (57, 3) ON CONFLICT DO NOTHING;
INSERT INTO OFERECER (id_curso, id_disciplina) VALUES (1023, 27) ON CONFLICT DO NOTHING;
INSERT INTO REQUER_INFRAESTRUTURA (id_curso, id_infraestrutura) VALUES (1023, 18) ON CONFLICT DO NOTHING;
INSERT INTO PRE_REQUISITO (id_disciplina_principal, id_disciplina_requisito) VALUES (27, 19) ON CONFLICT DO NOTHING;
INSERT INTO GERENCIA (id_funcionario, id_oferta_disciplina) VALUES (53, 30) ON CONFLICT DO NOTHING;
INSERT INTO OFERECER (id_curso, id_disciplina) VALUES (1003, 7) ON CONFLICT DO NOTHING;
INSERT INTO REQUER_INFRAESTRUTURA (id_curso, id_infraestrutura) VALUES (1003, 21) ON CONFLICT DO NOTHING;
INSERT INTO PRE_REQUISITO (id_disciplina_principal, id_disciplina_requisito) VALUES (7, 29) ON CONFLICT DO NOTHING;
INSERT INTO GERENCIA (id_funcionario, id_oferta_disciplina) VALUES (52, 10) ON CONFLICT DO NOTHING;
INSERT INTO OFERECER (id_curso, id_disciplina) VALUES (1006, 24) ON CONFLICT DO NOTHING;
INSERT INTO REQUER_INFRAESTRUTURA (id_curso, id_infraestrutura) VALUES (1006, 9) ON CONFLICT DO NOTHING;
INSERT INTO PRE_REQUISITO (id_disciplina_principal, id_disciplina_requisito) VALUES (24, 19) ON CONFLICT DO NOTHING;
INSERT INTO GERENCIA (id_funcionario, id_oferta_disciplina) VALUES (59, 16) ON CONFLICT DO NOTHING;
INSERT INTO OFERECER (id_curso, id_disciplina) VALUES (1004, 17) ON CONFLICT DO NOTHING;
INSERT INTO REQUER_INFRAESTRUTURA (id_curso, id_infraestrutura) VALUES (1004, 15) ON CONFLICT DO NOTHING;
INSERT INTO PRE_REQUISITO (id_disciplina_principal, id_disciplina_requisito) VALUES (17, 12) ON CONFLICT DO NOTHING;
INSERT INTO GERENCIA (id_funcionario, id_oferta_disciplina) VALUES (57, 2) ON CONFLICT DO NOTHING;
INSERT INTO OFERECER (id_curso, id_disciplina) VALUES (1014, 29) ON CONFLICT DO NOTHING;
INSERT INTO REQUER_INFRAESTRUTURA (id_curso, id_infraestrutura) VALUES (1014, 12) ON CONFLICT DO NOTHING;
INSERT INTO PRE_REQUISITO (id_disciplina_principal, id_disciplina_requisito) VALUES (29, 11) ON CONFLICT DO NOTHING;
INSERT INTO GERENCIA (id_funcionario, id_oferta_disciplina) VALUES (59, 15) ON CONFLICT DO NOTHING;
INSERT INTO OFERECER (id_curso, id_disciplina) VALUES (1012, 7) ON CONFLICT DO NOTHING;
INSERT INTO REQUER_INFRAESTRUTURA (id_curso, id_infraestrutura) VALUES (1012, 18) ON CONFLICT DO NOTHING;
INSERT INTO PRE_REQUISITO (id_disciplina_principal, id_disciplina_requisito) VALUES (7, 24) ON CONFLICT DO NOTHING;
INSERT INTO GERENCIA (id_funcionario, id_oferta_disciplina) VALUES (53, 15) ON CONFLICT DO NOTHING;
INSERT INTO OFERECER (id_curso, id_disciplina) VALUES (1021, 17) ON CONFLICT DO NOTHING;
INSERT INTO REQUER_INFRAESTRUTURA (id_curso, id_infraestrutura) VALUES (1021, 3) ON CONFLICT DO NOTHING;
INSERT INTO PRE_REQUISITO (id_disciplina_principal, id_disciplina_requisito) VALUES (17, 6) ON CONFLICT DO NOTHING;
INSERT INTO GERENCIA (id_funcionario, id_oferta_disciplina) VALUES (52, 13) ON CONFLICT DO NOTHING;
INSERT INTO OFERECER (id_curso, id_disciplina) VALUES (1012, 17) ON CONFLICT DO NOTHING;
INSERT INTO REQUER_INFRAESTRUTURA (id_curso, id_infraestrutura) VALUES (1012, 10) ON CONFLICT DO NOTHING;
INSERT INTO PRE_REQUISITO (id_disciplina_principal, id_disciplina_requisito) VALUES (17, 25) ON CONFLICT DO NOTHING;
INSERT INTO GERENCIA (id_funcionario, id_oferta_disciplina) VALUES (52, 23) ON CONFLICT DO NOTHING;
INSERT INTO OFERECER (id_curso, id_disciplina) VALUES (1014, 11) ON CONFLICT DO NOTHING;
INSERT INTO REQUER_INFRAESTRUTURA (id_curso, id_infraestrutura) VALUES (1014, 14) ON CONFLICT DO NOTHING;
INSERT INTO PRE_REQUISITO (id_disciplina_principal, id_disciplina_requisito) VALUES (11, 31) ON CONFLICT DO NOTHING;
INSERT INTO GERENCIA (id_funcionario, id_oferta_disciplina) VALUES (59, 16) ON CONFLICT DO NOTHING;
INSERT INTO OFERECER (id_curso, id_disciplina) VALUES (1009, 19) ON CONFLICT DO NOTHING;
INSERT INTO REQUER_INFRAESTRUTURA (id_curso, id_infraestrutura) VALUES (1009, 21) ON CONFLICT DO NOTHING;
INSERT INTO PRE_REQUISITO (id_disciplina_principal, id_disciplina_requisito) VALUES (19, 18) ON CONFLICT DO NOTHING;
INSERT INTO GERENCIA (id_funcionario, id_oferta_disciplina) VALUES (52, 10) ON CONFLICT DO NOTHING;
INSERT INTO OFERECER (id_curso, id_disciplina) VALUES (1008, 30) ON CONFLICT DO NOTHING;
INSERT INTO REQUER_INFRAESTRUTURA (id_curso, id_infraestrutura) VALUES (1008, 12) ON CONFLICT DO NOTHING;
INSERT INTO PRE_REQUISITO (id_disciplina_principal, id_disciplina_requisito) VALUES (30, 5) ON CONFLICT DO NOTHING;
INSERT INTO GERENCIA (id_funcionario, id_oferta_disciplina) VALUES (59, 2) ON CONFLICT DO NOTHING;
INSERT INTO OFERECER (id_curso, id_disciplina) VALUES (1018, 3) ON CONFLICT DO NOTHING;
INSERT INTO REQUER_INFRAESTRUTURA (id_curso, id_infraestrutura) VALUES (1018, 17) ON CONFLICT DO NOTHING;
INSERT INTO PRE_REQUISITO (id_disciplina_principal, id_disciplina_requisito) VALUES (3, 2) ON CONFLICT DO NOTHING;
INSERT INTO GERENCIA (id_funcionario, id_oferta_disciplina) VALUES (53, 26) ON CONFLICT DO NOTHING;
INSERT INTO OFERECER (id_curso, id_disciplina) VALUES (1006, 23) ON CONFLICT DO NOTHING;
INSERT INTO REQUER_INFRAESTRUTURA (id_curso, id_infraestrutura) VALUES (1006, 10) ON CONFLICT DO NOTHING;
INSERT INTO PRE_REQUISITO (id_disciplina_principal, id_disciplina_requisito) VALUES (23, 24) ON CONFLICT DO NOTHING;
INSERT INTO GERENCIA (id_funcionario, id_oferta_disciplina) VALUES (52, 28) ON CONFLICT DO NOTHING;
INSERT INTO OFERECER (id_curso, id_disciplina) VALUES (1015, 6) ON CONFLICT DO NOTHING;
INSERT INTO REQUER_INFRAESTRUTURA (id_curso, id_infraestrutura) VALUES (1015, 10) ON CONFLICT DO NOTHING;
INSERT INTO PRE_REQUISITO (id_disciplina_principal, id_disciplina_requisito) VALUES (6, 9) ON CONFLICT DO NOTHING;
INSERT INTO GERENCIA (id_funcionario, id_oferta_disciplina) VALUES (55, 28) ON CONFLICT DO NOTHING;
INSERT INTO OFERECER (id_curso, id_disciplina) VALUES (1013, 32) ON CONFLICT DO NOTHING;
INSERT INTO REQUER_INFRAESTRUTURA (id_curso, id_infraestrutura) VALUES (1013, 13) ON CONFLICT DO NOTHING;
INSERT INTO PRE_REQUISITO (id_disciplina_principal, id_disciplina_requisito) VALUES (32, 21) ON CONFLICT DO NOTHING;
INSERT INTO GERENCIA (id_funcionario, id_oferta_disciplina) VALUES (51, 25) ON CONFLICT DO NOTHING;